Date,HomeTeam,AwayTeam,Full time result,Bet365 home odds,Bet365 draw odds,Bet365 away odds,Bet&Win home odds,Bet&Win draw odds,Bet&Win away odds,gamebookers home odds,gamebookers draw odds,gamebookers away odds,Interwetten home odds,Interwetten draw odds,Interwetten away odds,Ladbrokes home odds,Ladbrokes draw odds,Ladbrokes away odds,Sportingbet home odds,Sportingbet draw odds,Sportingbet away odds,Will Hill home odds,Will Hill draw odds,Will Hill away odds,Stan James home odds,Stan James draw odds,Stan James away odds,VC Bet home odds,VC Bet draw odds,VC Bet away odds,Betbrain 1X2 bookies,Betbrain max home odds,Betbrain average home odds,Betbrain max draw odds,Betbrain average draw odds,Betbrain max away odds,Betbrain average draw odds,Betbrain over/under bookies,Betbrain max >2.5,Betbrain average >2.5,Betbrain max <2.5,Betbrain average <2.5,Betbrain Asian bookies,Betbrain Asian home handicap,Betbrain max Asian home odds,Betbrain average Asian home odds,Betbrain max Asian away odds,Betbrain average Asian away odds
13/08/05,Aston Villa,Bolton,D,2.3,3.25,3,3.600464912,3.25,3.15,2.25,3.2,3.1,2.1,3,3.1,2.1,3,3.2,2.2,3.2,3.2,2.2,3.2,2.8,2,3.25,3.4,2.2,3.25,3.1,56,2.4,2.2,3.3,3.16,3.4,3.05,36,2.2,2.01,1.87,1.7,22,-0.25,2.1,2.01,1.92,1.84
13/08/05,Everton,Man United,A,5,3.4,1.72,26,3.35,1.75,4.25,3.4,1.83,3.8,3.1,1.8,3.75,3.2,1.83,4.33,3.6,1.75,4.33,3.2,1.72,4,3.25,1.83,4.5,3.3,1.8,56,5.65,4.69,3.7,3.36,1.8,1.69,36,2.1,1.93,1.87,1.79,23,0.75,2.05,2,1.93,1.86
13/08/05,Fulham,Birmingham,D,2.37,3.25,2.87,2.3,3.2,2.8,2.3,3.3,2.95,2.2,3,2.9,2.25,3,2.88,2.3,3.2,3,2.3,3.2,2.62,2.2,3.2,3,2.35,3.25,2.8,56,2.6,2.31,3.3,3.16,3.05,2.87,36,2.24,2.04,1.77,1.69,21,0,1.85,1.81,2.11,2.05
13/08/05,Man City,West Brom,D,1.72,3.4,5,1.65,3.45,4.8,1.73,3.45,4.75,1.7,3.2,4.2,1.67,3.25,4.5,1.7,3.4,5,1.7,3.3,4.33,1.67,3.25,5,1.75,3.25,5,55,1.8,1.69,3.63,3.38,5.6,4.79,36,2.1,1.94,1.9,1.77,23,-0.75,2.19,2.1,1.83,1.76
13/08/05,Middlesboro,Liverpool,D,2.87,3.2,2.4,2.9,3.35,2.2,2.7,3.3,2.45,2.5,3,2.5,2.75,3.1,2.3,2.7,3.2,2.5,2.75,3.1,2.3,2.75,3.2,2.38,2.8,3.25,2.35,56,3.3,2.81,3.35,3.17,2.5,2.35,36,2.23,2.02,1.8,1.71,21,0.25,1.89,1.86,2.04,2
13/08/05,Portsmouth,Tottenham,A,2.75,3.2,2.5,2.65,3.25,2.4,2.55,3.3,2.6,2.5,3,2.5,2.75,3.2,2.25,2.7,3.2,2.5,2.62,3.2,2.3,2.6,3.2,2.5,2.75,3.25,2.4,56,3.25,2.79,3.3,3.18,2.5,2.35,36,2.1,1.96,1.84,1.75,21,0.25,1.95,1.87,2.03,1.99
13/08/05,Sunderland,Charlton,A,2.37,3.2,2.9,2.25,3.25,2.85,2.4,3.35,2.75,2.2,3,2.9,2.38,3,2.75,2.4,3.25,2.8,2.3,3.2,2.62,2.25,3.25,2.88,2.4,3.25,2.75,55,2.6,2.33,3.35,3.17,3.05,2.82,35,2.12,1.98,1.82,1.74,21,-0.25,2.07,2.03,1.86,1.83
13/08/05,West Ham,Blackburn,H,2.5,3.2,2.75,2.2,3.3,2.9,2.4,3.3,2.75,2.3,3,2.7,2.38,3,2.75,2.5,3.2,2.7,2.3,3.2,2.62,2.38,3.2,2.75,2.4,3.25,2.75,55,2.6,2.4,3.35,3.16,2.9,2.74,35,2.25,2.02,1.8,1.71,20,0,1.86,1.82,2.08,2.04
14/08/05,Arsenal,Newcastle,H,1.4,4.2,8,1.35,4,9,1.44,4,7.5,1.45,3.8,5.4,1.4,3.75,7,1.4,4.33,7.5,1.4,3.75,7,1.4,4,7.5,1.45,3.8,7.5,54,1.5,1.42,4.45,3.91,8.73,7.36,36,1.8,1.7,2.25,2.01,22,-1.25,2.08,2.03,1.89,1.83
14/08/05,Wigan,Chelsea,A,10,4.5,1.33,9,4.6,1.3,9,4.25,1.36,6,3.9,1.4,8,4,1.33,9.5,4.8,1.3,8,4.5,1.28,8,4.5,1.33,11,4.5,1.3,54,12.5,9.05,5,4.32,1.4,1.32,34,1.88,1.76,2.11,1.95,20,1.5,2,1.92,2,1.91
20/08/05,Birmingham,Man City,A,2.2,3.2,3.25,2.15,3.1,3.2,2.1,3.2,3.4,2.2,3,2.9,2.1,3.2,3,2.1,3.2,3.4,2.2,3.1,2.87,2.1,3.2,3.2,2.1,3.25,3.4,73,2.25,2.11,3.3,3.14,3.8,3.21,45,2.3,2.06,1.72,1.66,26,-0.25,1.9,1.86,2.05,1.99
20/08/05,Blackburn,Fulham,H,2,3.2,3.75,1.9,3.1,4,2.05,3.2,3.6,1.9,3.1,3.5,1.91,3.2,3.5,2,3.2,3.75,1.95,3.25,3.3,2,3.25,3.4,1.9,3.3,4,72,2.1,1.96,3.3,3.18,4.4,3.59,44,2.35,2.01,1.75,1.68,26,-0.5,2.12,2.07,1.84,1.79
20/08/05,Charlton,Wigan,H,1.8,3.4,4.33,1.7,3.2,5,1.8,3.3,4.5,1.8,3.1,3.8,1.62,3.5,4.5,1.8,3.3,4.5,1.7,3.2,4.5,1.67,3.25,5,1.75,3.5,4.5,71,1.83,1.74,3.5,3.3,5.3,4.5,45,2.06,1.92,1.91,1.79,25,-0.5,1.86,1.82,2.1,2.03
20/08/05,Liverpool,Sunderland,H,1.28,5,10,1.3,4.5,9,1.3,4.5,11,1.33,4,7.5,1.22,5,10,1.3,4.5,11,1.33,4,8,1.3,4.33,10,1.28,4.5,12,72,1.33,1.27,5.25,4.57,16,10.23,44,1.88,1.75,2.05,1.94,25,-1.5,1.95,1.87,2.01,1.96
20/08/05,Man United,Aston Villa,H,1.22,5.5,13,1.25,5,10,1.27,5,11,1.27,4.3,8.5,1.25,4.5,10,1.285,5,10,1.28,4.5,8,1.29,4.5,10,1.25,5,13,73,1.3,1.25,5.6,4.79,16,10.46,45,1.8,1.72,2.1,1.97,25,-1.5,1.95,1.87,2,1.95
20/08/05,Newcastle,West Ham,D,1.61,3.6,5.5,1.6,3.5,5.25,1.6,3.5,6,1.65,3.3,4.4,1.57,3.5,5,1.615,3.4,6,1.7,3,5,1.57,3.5,5.5,1.55,3.6,6,73,1.7,1.6,3.8,3.41,6.5,5.35,44,1.95,1.82,2.05,1.89,25,-0.75,1.99,1.9,2.01,1.96
20/08/05,Tottenham,Middlesboro,H,1.9,3.3,4,1.9,3.1,4,1.9,3.3,4,1.9,3.1,3.5,1.8,3.2,4,1.833,3.25,4.333,1.8,3.3,3.75,1.83,3.25,4,1.9,3.25,4,73,2,1.86,3.5,3.2,4.5,3.91,45,2.15,1.99,1.8,1.72,26,-0.5,1.94,1.89,2.01,1.95
20/08/05,West Brom,Portsmouth,H,2.2,3.2,3.25,2.25,3,3.1,2.15,3.25,3.25,2.1,3,3.1,2.1,3.2,3,2,3.3,3.6,2.1,3.2,3,2.1,3.2,3.2,2.1,3.25,3.4,70,2.2,2.11,3.3,3.17,3.6,3.24,45,2.25,2.04,1.77,1.66,26,-0.25,1.85,1.82,2.12,2.05
21/08/05,Bolton,Everton,A,2.1,3.2,3.5,2.2,3.1,3.1,2.1,3.2,3.4,2,3.1,3.2,2.1,3.2,3,2.1,3.2,3.4,2.05,3.2,3.1,2.2,3.2,3,2.1,3.25,3.4,71,2.2,2.09,3.27,3.15,3.7,3.25,43,2.15,2,1.75,1.69,25,-0.25,1.86,1.83,2.08,2.03
21/08/05,Chelsea,Arsenal,H,2,3.2,3.75,1.8,3.2,4.3,1.95,3.3,3.75,1.9,3.1,3.7,1.83,3.2,3.75,1.909,3.25,4,1.83,3.2,3.75,2,3.25,3.4,2,3.2,3.75,72,2.15,1.91,3.35,3.18,4.4,3.79,44,2.2,2.02,1.75,1.68,26,-0.5,2.1,2.04,1.87,1.81
23/08/05,Birmingham,Middlesboro,A,2.5,3.2,2.75,2.25,3.2,2.9,2.35,3.25,2.85,2.3,3,2.7,2.25,3.2,2.75,2.3,3.2,3,2.3,3.1,2.75,2.38,3.2,2.75,2.35,3.25,2.8,72,2.5,2.32,3.3,3.14,3.15,2.82,40,2.25,2.07,1.72,1.66,24,0,1.8,1.75,2.19,2.1
23/08/05,Portsmouth,Aston Villa,D,2.5,3.2,2.75,2.4,3.25,2.65,2.4,3.25,2.8,2.3,3,2.7,2.38,3.2,2.6,2.4,3.25,2.8,2.4,3.1,2.6,2.38,3.2,2.75,2.6,3.2,2.6,71,2.6,2.41,3.3,3.16,2.9,2.68,40,2.2,2.02,1.8,1.69,24,0,1.91,1.84,2.05,1.99
23/08/05,Sunderland,Man City,A,2.75,3.2,2.5,2.5,3.25,2.55,2.8,3.25,2.4,2.5,3,2.5,2.75,3.2,2.25,2.62,3.3,2.5,2.62,3.1,2.37,2.5,3.4,2.5,2.75,3.25,2.4,71,3.1,2.65,3.4,3.17,2.7,2.45,40,2.13,1.99,1.8,1.72,24,0,2.14,2.03,1.89,1.8
24/08/05,Arsenal,Fulham,H,1.22,5.5,13,1.25,5,10,1.22,5.75,12,1.25,4.5,9,1.22,5,10,1.22,5.5,12,1.22,5,9.5,1.22,5.5,10,1.2,5.5,15,68,1.26,1.22,6,5.18,17,11.3,38,1.8,1.68,2.3,2.04,21,-1.5,1.84,1.78,2.12,2.07
24/08/05,Blackburn,Tottenham,D,2.62,3.2,2.6,2.8,3.25,2.3,2.65,3.25,2.55,2.7,3,2.3,2.5,3.2,2.5,2.75,3.2,2.5,2.75,3.1,2.3,2.5,3.2,2.6,2.75,3.25,2.4,68,2.93,2.63,3.3,3.15,2.75,2.46,38,2.25,2.03,1.77,1.68,22,0,2.1,2.01,1.91,1.82
24/08/05,Bolton,Newcastle,H,2.3,3.25,3,2.1,3.25,3.15,2.2,3.25,3.15,2,3.1,3.2,2.1,3.2,3,2.2,3.2,3.2,2.1,3.2,3,2.1,3.2,3.2,2.25,3.25,3,67,2.35,2.16,3.3,3.19,3.55,3.09,38,2.25,2,1.8,1.7,23,-0.25,1.95,1.9,2.02,1.94
24/08/05,Chelsea,West Brom,H,1.2,5.5,17,1.15,6,15,1.17,6.5,15,1.17,5.5,11,1.2,5,11,1.17,6.5,15,1.14,6,12,1.14,6.5,13,1.17,6,17,64,1.2,1.16,7,5.9,25,14.99,35,1.8,1.7,2.25,2.02,21,-1.75,1.95,1.89,2.05,1.96
27/08/05,Aston Villa,Blackburn,H,2.1,3.25,3.4,1.9,3.3,3.65,2,3.25,3.65,2,3.1,3.2,1.83,3.2,3.75,2.05,3.2,3.6,1.9,3.2,3.5,2,3.25,3.4,2,3.25,3.6,74,2.1,1.95,3.32,3.21,4.5,3.61,47,2.3,2.03,1.75,1.68,27,-0.5,2.09,2.01,1.88,1.82
27/08/05,Fulham,Everton,H,2.5,3.2,2.75,2.35,3.2,2.75,2.45,3.3,2.7,2.3,3,2.7,2.5,3.2,2.5,2.5,3.2,2.75,2.5,3.1,2.5,2.38,3.2,2.75,2.6,3.2,2.6,73,2.7,2.44,3.38,3.15,3,2.69,46,2.21,2.04,1.75,1.67,26,0,1.85,1.8,2.15,2.03
27/08/05,Man City,Portsmouth,H,1.61,3.6,5.5,1.65,3.3,5.2,1.62,3.5,5.5,1.65,3.3,4.4,1.62,3.25,5,1.67,3.4,5.5,1.6,3.3,5,1.67,3.25,5,1.6,3.5,5.5,75,1.7,1.62,3.65,3.39,6.3,5.16,47,2.05,1.91,1.91,1.8,26,-0.75,1.88,1.84,2.08,2.01
27/08/05,Tottenham,Chelsea,A,4.33,3.3,1.83,4.2,3.25,1.8,4,3.4,1.85,3.8,3.1,1.8,3.75,3.25,1.8,4.33,3.25,1.83,4,3.1,1.8,4,3.25,1.83,4.5,3.25,1.8,74,5.2,4.31,3.5,3.24,1.85,1.76,47,2.23,2.03,1.75,1.68,26,0.5,2.15,2.08,1.85,1.77
27/08/05,West Brom,Birmingham,A,2.37,3.1,3,2.25,3.15,2.95,2.3,3.25,2.95,2.3,3,2.7,2.38,3,2.75,2.3,3.2,3,2.3,3.1,2.75,2.38,3.2,2.75,2.3,3.2,3,70,2.5,2.34,3.3,3.15,3.2,2.84,46,2.34,2.07,1.71,1.65,27,0,1.85,1.75,2.2,2.09
27/08/05,West Ham,Bolton,A,2.5,3.2,2.75,2.4,3.2,2.7,2.35,3.25,2.85,2.4,3,2.6,2.38,3.2,2.6,2.5,3.2,2.75,2.4,3.1,2.6,2.38,3.2,2.75,2.6,3.2,2.6,74,2.85,2.47,3.3,3.17,2.85,2.64,47,2.11,1.97,1.82,1.72,27,0,2,1.91,2,1.92
27/08/05,Wigan,Sunderland,H,2.1,3.25,3.4,2.15,3.25,3.05,2.1,3.25,3.35,1.9,3.1,3.5,2.1,3.2,3,2.1,3.2,3.4,1.95,3.25,3.3,2.1,3.2,3.2,2.1,3.2,3.4,74,2.3,2.08,3.3,3.18,3.75,3.28,47,2.25,2.04,1.72,1.67,27,-0.25,1.94,1.87,2.03,1.97
28/08/05,Middlesboro,Charlton,A,1.83,3.3,4.33,1.85,3.3,3.9,1.85,3.3,4.25,2,3.1,3.2,1.83,3.2,3.75,1.85,3.25,4.33,1.83,3.2,3.75,1.8,3.2,4.33,1.85,3.4,4,72,2,1.86,3.4,3.23,4.5,3.96,44,2.1,1.97,1.85,1.71,25,-0.5,2.02,1.94,1.95,1.88
28/08/05,Newcastle,Man United,A,5,3.6,1.66,5,3.35,1.65,6,3.45,1.6,4.2,3.2,1.7,5,3.5,1.57,6,3.5,1.6,5.5,3.3,1.57,4.5,3.6,1.67,5,3.5,1.65,74,6.71,5.1,3.7,3.41,1.8,1.63,44,2.01,1.88,1.95,1.82,24,0.75,2.1,2.07,1.86,1.79
10/9/2005,Birmingham,Charlton,A,2.37,3.25,2.87,2.3,3.2,2.8,2.35,3.25,2.9,2.3,3,2.7,2.25,3.2,2.75,2.3,3.2,3,2.25,3.2,2.75,2.1,3.2,3.2,2.4,3.25,2.8,63,2.6,2.3,3.3,3.16,3.2,2.87,40,2.22,2.01,1.8,1.7,28,-0.25,2.15,2.06,1.85,1.8
10/9/2005,Chelsea,Sunderland,H,1.12,7.5,19,1.12,7,15,1.12,7,21,1.17,5.5,11,1.11,7,13,1.12,7,21,1.1,6.5,17,1.12,6.5,19,1.12,7,21,63,1.17,1.12,8,6.73,28,18.3,40,1.7,1.63,2.3,2.1,25,-2,2.09,2.01,1.9,1.84
10/9/2005,Everton,Portsmouth,A,1.72,3.3,5,1.7,3.4,4.55,1.7,3.35,5.25,1.65,3.3,4.4,1.62,3.25,5,1.67,3.3,5.5,1.57,3.3,5.5,1.57,3.5,5.5,1.65,3.4,5.5,63,1.72,1.65,3.56,3.33,6,5.12,40,2.2,2.01,1.76,1.7,27,-0.75,1.96,1.93,1.99,1.93
10/9/2005,Man United,Man City,D,1.4,3.75,10,1.35,4.5,7.25,1.36,4.2,9,1.4,3.9,6,1.4,3.75,7,1.36,4.33,8.5,1.4,3.5,8,1.4,3.8,8,1.4,4,8.5,63,1.45,1.38,4.5,4.01,9.8,7.97,40,1.99,1.85,1.95,1.87,26,-1.25,2.11,2.03,1.86,1.83
10/9/2005,Middlesboro,Arsenal,H,5,3.3,1.72,4.4,3.3,1.75,5.5,3.35,1.67,4,3.2,1.75,5,3.5,1.57,5,3.3,1.73,5,3.3,1.61,4.33,3.4,1.73,5,3.3,1.75,63,5.55,4.76,3.65,3.31,1.83,1.7,40,2.1,1.95,1.92,1.77,27,0.75,1.9,1.84,2.13,2.03
10/9/2005,Newcastle,Fulham,D,1.61,3.4,6,1.6,3.45,5.35,1.62,3.5,5.6,1.7,3.2,4.2,1.62,3.5,4.5,1.62,3.6,5.5,1.66,3.3,4.5,1.62,3.5,5,1.65,3.4,5.5,63,1.7,1.61,4,3.45,6.7,5.37,40,2.05,1.9,1.95,1.82,27,-0.75,1.82,1.78,2.19,2.09
10/9/2005,Tottenham,Liverpool,D,2.5,3.2,2.75,2.5,3.2,2.55,2.5,3.25,2.7,2.3,3,2.7,2.4,3.25,2.5,2.4,3.25,2.8,2.4,3.1,2.6,2.38,3.2,2.75,2.6,3.1,2.7,63,2.7,2.46,3.3,3.12,2.9,2.65,39,2.35,2.09,1.71,1.65,25,0,1.89,1.8,2.16,2.03
10/9/2005,West Brom,Wigan,A,2,3.2,3.75,2,3.3,3.35,2.1,3.15,3.5,2.2,3,2.9,1.91,3.2,3.5,2,3.3,3.6,1.95,3.1,3.5,2,3.25,3.4,2,3.25,3.6,52,2.2,2.01,3.3,3.22,3.9,3.54,36,2.4,2.07,1.71,1.66,25,-0.5,2.22,2.09,1.83,1.76
11/9/2005,Bolton,Blackburn,D,2,3.2,3.75,1.8,3.15,4.4,1.95,3.2,3.95,1.8,3.1,3.8,1.83,3.2,3.75,1.91,3.25,4,1.9,3.1,3.6,1.91,3.25,3.75,1.9,3.25,4,62,2,1.89,3.3,3.19,4.55,3.89,38,2.2,2.04,1.75,1.67,25,-0.5,2.05,1.97,1.94,1.86
12/9/2005,West Ham,Aston Villa,H,2.5,3.2,2.75,2.3,3.2,2.8,2.5,3.2,2.75,2.3,3,2.7,2.5,3.2,2.5,2.5,3.2,2.7,2.5,2.9,2.62,2.5,3.2,2.6,2.5,3.25,2.65,53,2.65,2.47,3.3,3.16,2.85,2.67,34,2.15,2.02,1.75,1.68,18,0,1.92,1.86,2.04,1.96
17/09/05,Aston Villa,Tottenham,D,2.6,3.25,2.6,2.3,3.2,2.8,2.6,3.2,2.6,2.4,3,2.6,2.5,3.2,2.5,2.7,3.2,2.5,2.62,3.2,2.3,2.5,3.2,2.6,2.6,3.2,2.6,63,2.9,2.53,3.3,3.16,2.85,2.57,38,2.32,2.11,1.71,1.65,26,0,2,1.92,1.97,1.91
17/09/05,Charlton,Chelsea,A,6,3.6,1.57,5.5,3.6,1.55,7,3.5,1.53,4.6,3.4,1.6,6,3.4,1.5,6.5,3.6,1.533,6.5,3.6,1.44,5.5,3.5,1.57,6.5,3.75,1.5,64,7.5,6.18,3.75,3.49,1.61,1.53,40,2.35,2.08,1.75,1.66,26,1,1.85,1.79,2.15,2.07
17/09/05,Fulham,West Ham,A,2.2,3.1,3.3,2.05,3.25,3.25,2.1,3.25,3.4,2.1,3,3.1,1.83,3.2,3.75,2.1,3.2,3.4,2.1,3.2,3,1.91,3.4,3.5,2.2,3.25,3.1,63,2.25,2.08,3.4,3.19,3.75,3.28,40,2.25,2.06,1.8,1.68,27,-0.25,1.95,1.89,2.02,1.97
17/09/05,Portsmouth,Birmingham,D,2.3,3.25,3,2.25,3.2,2.9,2.3,3.2,3,2.3,3,2.7,2.25,3.2,2.75,2.3,3.2,3,2.25,3.2,2.75,2.2,3.2,3,2.25,3.25,3,62,2.45,2.27,3.3,3.16,3.25,2.93,39,2.29,2.09,1.75,1.66,27,-0.25,2.1,2.04,1.91,1.83
17/09/05,Sunderland,West Brom,D,2.37,3.2,2.9,2.15,3.25,3.05,2.3,3.2,3,2.3,3,2.7,2.2,3.2,2.8,2.3,3.2,3,2.37,3.1,2.62,2.2,3.2,3,2.4,3.2,2.8,61,2.45,2.31,3.3,3.16,3.3,2.87,38,2.2,2.04,1.78,1.69,27,-0.25,2.08,2.02,1.91,1.84
18/09/05,Blackburn,Newcastle,A,2.4,3.25,2.8,2.3,3.2,2.8,2.35,3.25,2.9,2.3,3,2.7,2.2,3.2,2.8,2.375,3.2,2.875,2.25,3.2,2.75,2.2,3.2,3,2.35,3.25,2.8,60,2.5,2.33,3.3,3.17,3.1,2.82,37,2.25,2.05,1.75,1.67,24,0,1.8,1.76,2.17,2.09
18/09/05,Liverpool,Man United,D,2.7,3.1,2.6,2.9,3.2,2.25,2.8,3.2,2.45,2.5,3,2.5,2.6,3.2,2.38,2.8,3.25,2.4,2.75,3.2,2.25,2.75,3.2,2.38,2.8,3.2,2.4,61,2.9,2.67,3.3,3.14,2.75,2.46,37,2.27,2.07,1.72,1.66,24,0,2.03,1.98,1.92,1.85
18/09/05,Man City,Bolton,A,2.1,3.25,3.4,2,3.3,3.35,2.05,3.25,3.5,2,3.1,3.2,2,3.2,3.2,2.05,3.2,3.6,1.9,3.2,3.5,2,3.25,3.4,2.1,3.25,3.3,59,2.2,2.03,3.4,3.2,3.85,3.41,38,2.25,2.04,1.75,1.68,25,-0.25,1.84,1.79,2.15,2.07
18/09/05,Wigan,Middlesboro,D,2.7,3.1,2.6,2.7,3.2,2.4,2.7,3.25,2.5,2.5,3,2.5,2.75,3.25,2.2,2.6,3.2,2.6,2.62,3.1,2.37,2.75,3.2,2.38,2.65,3.25,2.5,58,2.9,2.7,3.3,3.18,2.63,2.45,37,2.2,2.06,1.75,1.67,24,0,2.12,2.04,1.86,1.8
19/09/05,Arsenal,Everton,H,1.4,4,9,1.3,4.8,8,1.35,4.25,9.5,1.4,3.9,6,1.33,4,8,1.363,4.333,8.5,1.33,4,8,1.36,4,8.5,1.35,4.35,9,71,1.4,1.35,4.6,4.13,12,8.58,45,1.95,1.8,2.05,1.91,27,-1.25,1.96,1.93,1.99,1.93
24/09/05,Birmingham,Liverpool,D,3.4,3.25,2.1,3.35,3.3,2,3.4,3.2,2.1,2.9,3,2.2,3.5,3.2,1.91,3.4,3,2.2,3.2,3,2.1,3.2,3.2,2.1,3.5,3.1,2.1,67,4.02,3.39,3.3,3.13,2.2,2.06,41,2.5,2.16,1.66,1.61,26,0.25,2.11,2.05,1.86,1.81
24/09/05,Bolton,Portsmouth,H,1.72,3.4,5,1.6,3.55,5.15,1.73,3.3,5,1.75,3.2,4,1.62,3.25,5,1.67,3.4,5.25,1.83,3,4,1.62,3.5,5,1.75,3.25,5,67,1.8,1.69,3.5,3.3,5.75,4.84,42,2.2,2.06,1.78,1.68,25,-0.75,2.03,1.98,1.96,1.88
24/09/05,Chelsea,Aston Villa,H,1.22,5.5,13,1.2,5.5,12,1.2,5.5,15,1.27,4.3,8.5,1.17,5.5,12,1.22,5.5,12,1.2,5,11,1.22,5,12,1.2,6,12,67,1.27,1.2,6.16,5.31,19,12.75,42,1.98,1.88,1.97,1.83,25,-1.5,1.93,1.85,2.06,1.98
24/09/05,Everton,Wigan,A,1.9,3.25,4,1.8,3.4,4,1.83,3.2,4.5,1.85,3.1,3.6,1.67,3.25,4.5,1.83,3.25,4.33,1.83,3,4,1.8,3.2,4.33,1.8,3.25,4.5,67,1.93,1.82,3.4,3.21,4.6,4.15,41,2.35,2.13,1.7,1.63,23,-0.5,1.98,1.92,2.01,1.92
24/09/05,Man United,Blackburn,A,1.3,4.33,13,1.25,5,10,1.3,4.5,11,1.33,4,7.5,1.22,5,10,1.25,5,12,1.33,3.75,9,1.29,4.5,10,1.25,5,12,67,1.33,1.26,5.33,4.7,14,10.65,41,1.98,1.86,2,1.86,25,-1.5,2.07,1.98,1.92,1.85
24/09/05,Newcastle,Man City,H,2.1,3.25,3.4,2,3.3,3.35,2,3.25,3.65,2,3.1,3.2,1.91,3.25,3.4,2,3.2,3.75,2.15,3,3.1,2,3.25,3.4,2.1,3.25,3.3,66,2.15,2.03,3.35,3.19,4,3.42,42,2.05,1.96,1.88,1.77,27,-0.25,1.91,1.83,2.07,2.02
24/09/05,West Brom,Charlton,A,2.75,3.2,2.5,2.7,3.2,2.4,2.8,3.2,2.4,2.6,3,2.4,2.75,3.2,2.25,2.8,3.25,2.4,2.7,3,2.37,2.6,3.2,2.5,2.75,3.25,2.4,65,3.1,2.72,3.5,3.17,2.6,2.4,40,2.15,2.02,1.8,1.71,26,0,2.16,2.06,1.85,1.79
24/09/05,West Ham,Arsenal,D,5,3.4,1.72,4.85,3.45,1.65,5.5,3.4,1.65,4.2,3.2,1.7,4.33,3.2,1.73,4.75,3.5,1.7,4.5,3.3,1.66,5.5,3.5,1.57,5,3.25,1.75,67,5.5,4.74,3.55,3.34,1.8,1.69,42,2.06,1.88,1.95,1.84,25,0.75,1.85,1.8,2.14,2.06
25/09/05,Middlesboro,Sunderland,A,1.57,3.5,6.5,1.55,3.6,5.6,1.55,3.5,6.5,1.55,3.5,4.8,1.5,3.4,6,1.53,3.6,6.5,1.53,3.3,6,1.57,3.4,6,1.55,3.5,6.5,66,1.62,1.53,3.8,3.49,7.5,6.18,44,2.15,1.99,1.82,1.74,26,-1,2.16,2.06,1.85,1.78
26/09/05,Tottenham,Fulham,H,1.61,3.4,6,1.6,3.55,5.15,1.55,3.5,6.5,1.65,3.3,4.4,1.57,3.5,5,1.57,3.6,6,1.57,3.3,5.5,1.57,3.5,5.5,1.55,3.5,6.5,71,1.65,1.59,3.6,3.44,6.85,5.56,47,2.25,2.03,1.78,1.71,25,-0.75,1.91,1.85,2.08,2.01
1/10/2005,Blackburn,West Brom,H,1.8,3.3,4.5,1.8,3.4,4,1.8,3.3,4.5,1.85,3.1,3.6,1.73,3.2,4.33,1.8,3.3,4.5,1.72,3.1,4.5,1.73,3.4,4.33,1.7,3.4,5,71,1.87,1.78,3.4,3.27,5,4.36,46,2.21,2.05,1.75,1.68,27,-0.5,1.9,1.83,2.1,2.01
1/10/2005,Charlton,Tottenham,A,2.5,3.2,2.75,2.3,3.2,2.8,2.4,3.2,2.8,2.4,3,2.8,2.1,3.2,3,2.5,3.2,2.7,2.3,3.2,2.62,2.38,3.2,2.75,2.5,3.2,2.7,72,2.6,2.39,3.3,3.13,3,2.76,46,2.27,2.12,1.73,1.64,27,0,1.87,1.79,2.2,2.04
1/10/2005,Fulham,Man United,A,5,3.6,1.66,5.15,3.55,1.6,5,3.6,1.65,4.6,3.2,1.7,5.5,3.5,1.53,5,3.6,1.67,5.5,3.3,1.57,5,3.25,1.67,5.5,3.6,1.6,71,6.1,5.12,3.7,3.4,1.71,1.63,46,2.17,2,1.8,1.72,27,0.75,2,1.94,1.96,1.92
1/10/2005,Portsmouth,Newcastle,D,2.8,3.25,2.4,2.8,3.2,2.3,2.85,3.2,2.37,2.6,3,2.4,2.75,3.2,2.25,2.88,3.2,2.38,2.62,3.1,2.37,2.75,3.2,2.38,2.9,3.25,2.35,72,3.25,2.79,3.5,3.17,2.5,2.34,47,2.2,2.04,1.75,1.69,26,0,2.25,2.1,1.78,1.74
1/10/2005,Sunderland,West Ham,D,2.5,3.2,2.75,2.4,3.15,2.7,2.45,3.2,2.75,2.4,3,2.6,2.5,3.2,2.5,2.5,3.2,2.7,2.5,3.1,2.5,2.38,3.2,2.75,2.5,3.25,2.65,71,2.68,2.44,3.35,3.16,2.88,2.68,47,2.25,2.07,1.75,1.67,27,0,1.86,1.82,2.1,2.02
2/10/2005,Arsenal,Birmingham,H,1.33,4.5,9.5,1.3,4.8,8,1.33,4.5,9,1.35,4,7,1.29,4.33,9,1.33,4.5,9,1.28,4.33,8.5,1.36,4.33,7.5,1.33,4.5,9,68,1.36,1.31,4.85,4.34,11,8.87,44,1.92,1.8,2.05,1.91,25,-1.25,1.87,1.83,2.1,2.03
2/10/2005,Aston Villa,Middlesboro,A,2.1,3.25,3.4,2.15,3.25,3.05,2.1,3.2,3.4,2.2,3,3.1,2.1,3.2,3,2.1,3.2,3.4,2.1,3,3.2,2.1,3.2,3.2,2.1,3.25,3.4,67,2.25,2.11,3.3,3.15,3.65,3.2,45,2.18,2.06,1.74,1.68,27,-0.25,1.89,1.85,2.07,2
2/10/2005,Liverpool,Chelsea,A,3.25,3,2.3,3.2,3,2.2,3.4,3,2.2,3.2,2.8,2.3,3,3.2,2.1,3.6,3.05,2.1,3.1,3,2.15,3.2,3,2.2,3.3,3,2.25,68,3.7,3.26,3.2,2.98,2.33,2.17,44,2.7,2.43,1.56,1.49,25,0.25,1.9,1.87,2.05,2
2/10/2005,Man City,Everton,H,1.83,3.3,4.33,1.65,3.5,4.8,1.8,3.3,4.5,1.75,3.2,4,1.8,3.2,4,1.8,3.3,4.5,1.72,3.25,4.2,1.73,3.4,4.33,1.8,3.25,4.5,68,1.91,1.8,3.4,3.25,5,4.26,44,2.36,2.12,1.75,1.65,26,-0.5,2,1.9,2.01,1.93
2/10/2005,Wigan,Bolton,H,2.6,3.2,2.62,2.9,3.2,2.25,2.75,3.2,2.45,2.6,3,2.6,2.6,3.2,2.38,2.7,3.2,2.5,2.6,3.1,2.4,2.38,3.2,2.75,2.6,3.2,2.6,68,2.9,2.62,3.3,3.12,2.75,2.51,44,2.33,2.16,1.67,1.62,25,0,1.98,1.92,1.97,1.91
15/10/05,Chelsea,Bolton,H,1.28,4.5,13,1.2,5.5,12,1.26,5,11,1.3,4.2,8,1.17,5.5,12,1.25,5,12,1.25,4.5,10,1.25,5,10,1.22,5.5,12,69,1.31,1.25,5.5,4.85,13.5,10.97,48,2.1,1.96,1.86,1.77,24,-1.5,2.22,2.06,1.84,1.77
15/10/05,Liverpool,Blackburn,H,1.61,3.4,6,1.6,3.6,5,1.62,3.4,6,1.6,3.5,5,1.53,3.5,5.5,1.67,3.4,5.25,1.57,3.3,5.5,1.57,3.4,6,1.55,3.5,6,69,1.72,1.61,3.6,3.38,6.6,5.55,48,2.31,2.13,1.71,1.63,23,-0.75,1.99,1.93,1.96,1.93
15/10/05,Middlesboro,Portsmouth,D,1.72,3.3,4.5,1.65,3.5,4.8,1.7,3.3,5.1,1.7,3.2,4.2,1.57,3.25,5.5,1.65,3.5,5.2,1.66,3.1,5,1.62,3.5,5,1.65,3.25,5.5,67,1.75,1.68,3.65,3.34,5.7,4.97,48,2.35,2.06,1.75,1.68,23,-0.75,2.08,2.03,1.89,1.85
15/10/05,Sunderland,Man United,A,7.5,3.6,1.5,5.45,3.55,1.57,7.5,3.5,1.5,5.6,3.5,1.55,7,3.75,1.4,7,3.7,1.5,7.5,3.6,1.4,7,3.75,1.44,7.5,3.8,1.45,69,9,7.07,4.1,3.68,1.55,1.46,48,2.12,1.97,1.85,1.76,24,1,2,1.92,1.97,1.91
15/10/05,Tottenham,Everton,H,1.61,3.4,6,1.6,3.55,5.15,1.6,3.5,5.75,1.6,3.4,4.6,1.62,3.25,5,1.62,3.5,5.6,1.57,3.3,5.5,1.57,3.5,5.5,1.6,3.5,5.5,69,1.65,1.59,3.69,3.42,6.5,5.53,48,2.35,2.14,1.73,1.63,24,-0.75,1.99,1.93,2,1.93
15/10/05,West Brom,Arsenal,H,6,3.4,1.61,5.6,3.6,1.55,6,3.6,1.57,5.6,3.5,1.55,6,3.75,1.44,6,3.6,1.57,6,3.4,1.5,6,3.75,1.5,6.5,3.75,1.5,68,6.5,5.85,3.75,3.52,1.66,1.56,48,2.1,1.96,1.86,1.76,25,0.75,2.07,2.01,1.9,1.86
15/10/05,Wigan,Newcastle,H,2.6,3.25,2.6,2.9,3.2,2.25,2.75,3.2,2.45,2.5,3,2.5,2.5,3.2,2.5,2.75,3.3,2.4,2.62,2.9,2.5,2.6,3.2,2.5,2.65,3.25,2.5,69,2.9,2.65,3.3,3.14,2.75,2.48,48,2.37,2.16,1.69,1.62,24,0,2,1.92,2.06,1.92
16/10/05,Birmingham,Aston Villa,A,2.37,3.1,3,2.35,3.2,2.75,2.35,3.1,3,2.4,3,2.8,2.38,3,2.75,2.38,3.2,2.88,2.37,2.8,2.9,2.2,3.2,3,2.35,3.2,2.9,67,2.5,2.33,3.3,3.06,3.25,2.93,43,2.25,2.08,1.71,1.66,26,-0.25,2.12,2.04,1.85,1.82
16/10/05,Man City,West Ham,H,1.9,3.25,4,2,3.25,3.4,1.9,3.25,4,1.9,3.1,3.5,1.8,3.2,4,1.91,3.25,4,1.9,2.87,4,1.83,3.25,4,1.84,3.25,4.35,66,2.03,1.88,3.4,3.19,4.4,3.95,43,2.25,2.09,1.73,1.65,25,-0.5,2.06,1.97,1.91,1.85
17/10/05,Charlton,Fulham,D,1.83,3.25,4.5,1.6,3.55,5.15,1.75,3.25,5,1.75,3.2,4,1.67,3.25,4.5,1.73,3.4,4.75,1.72,3.2,4.33,1.73,3.4,4.33,1.73,3.25,5,65,1.91,1.74,3.53,3.28,5.4,4.51,42,2.15,2.01,1.8,1.71,26,-0.5,1.92,1.84,2.1,2.01
22/10/05,Arsenal,Man City,H,1.5,3.75,7,1.4,4,7.25,1.44,3.75,7.5,1.5,3.7,5.7,1.5,3.4,6,1.45,4,7,1.44,3.25,8,1.44,3.75,7,1.45,3.8,7.5,73,1.55,1.46,4,3.64,8.5,7.09,46,2.03,1.91,1.91,1.8,27,-1,1.95,1.88,2.08,1.96
22/10/05,Aston Villa,Wigan,A,2,3.2,3.75,2,3.15,3.5,2,3.2,3.7,2.1,3,3.1,1.83,3.2,3.75,2,3.2,3.75,1.9,3.1,3.6,1.83,3.25,4,2,3.2,3.75,72,2.1,1.94,3.3,3.18,4.25,3.72,47,2.32,2.1,1.73,1.65,29,-0.5,2.08,1.99,1.95,1.84
22/10/05,Blackburn,Birmingham,H,2,3.2,3.75,1.85,3.2,4,2.1,3.1,3.5,2,3.1,3.2,1.8,3.2,4,2,3.2,3.75,2.05,3,3.3,1.91,3.25,3.75,2,3.25,3.6,73,2.2,2.02,3.3,3.15,3.9,3.5,47,2.32,2.1,1.71,1.65,29,-0.25,1.86,1.82,2.14,2.04
22/10/05,Fulham,Liverpool,H,3.5,3.2,2.1,3.75,3.15,1.95,3.3,3.2,2.1,3.1,3,2.2,3.5,3.2,1.91,3.4,3.2,2.1,3.2,3,2.1,3.2,3.2,2.1,3.6,3.25,2,72,4,3.39,3.3,3.14,2.2,2.05,46,2.36,2.1,1.7,1.64,28,0.25,2.1,2.03,1.86,1.82
22/10/05,Man United,Tottenham,D,1.61,3.4,6,1.55,3.5,5.8,1.6,3.5,6,1.55,3.6,5.4,1.5,3.25,6.5,1.53,3.6,6.5,1.5,3.4,6,1.53,3.6,6,1.5,3.75,6.5,72,1.66,1.54,3.74,3.48,7.2,6.06,45,2.15,1.98,1.81,1.75,27,-1,2.25,2.08,1.82,1.74
22/10/05,Portsmouth,Charlton,A,2.6,3.25,2.6,2.75,3.2,2.35,2.6,3.2,2.55,2.5,3,2.5,2.75,3.2,2.25,2.7,3.2,2.5,2.6,3.1,2.4,2.5,3.2,2.6,2.65,3.25,2.5,71,2.92,2.62,3.3,3.15,2.7,2.51,45,2.28,2.07,1.75,1.67,27,0,2,1.94,1.98,1.89
23/10/05,Bolton,West Brom,H,1.72,3.4,5,1.65,3.4,5,1.75,3.3,4.85,1.7,3.2,4.2,1.62,3.25,5,1.7,3.4,5,1.7,3.2,4.5,1.67,3.25,5,1.7,3.4,5,70,1.9,1.74,3.45,3.27,5.5,4.66,44,2.3,2.06,1.75,1.67,29,-0.5,1.9,1.83,2.13,2.01
23/10/05,Everton,Chelsea,D,9,4.33,1.36,8,4.8,1.3,8.5,4.25,1.36,7.5,4.2,1.35,8,4,1.33,8.5,4,1.4,8.5,4.2,1.3,7.5,4,1.4,8.5,4.35,1.35,72,10.5,8.53,4.65,4.16,1.41,1.34,45,2.21,2.02,1.8,1.7,28,1.25,1.86,1.82,2.13,2.05
23/10/05,Newcastle,Sunderland,H,1.66,3.4,5.5,1.65,3.5,4.8,1.65,3.3,6,1.65,3.3,4.4,1.67,3.25,4.5,1.62,3.4,6,1.61,3.1,5.5,1.57,3.4,6,1.65,3.4,5.5,71,1.72,1.61,3.6,3.36,6.6,5.57,43,2.35,2.06,1.75,1.67,27,-0.75,2.09,1.97,1.96,1.89
23/10/05,West Ham,Middlesboro,H,2.37,3.25,2.87,2.25,3.2,2.9,2.35,3.25,2.85,2.3,3,2.7,2.2,3.2,2.8,2.3,3.2,3,2.2,3.2,2.8,2.25,3.25,2.88,2.3,3.25,2.9,70,2.49,2.31,3.3,3.17,3.05,2.85,44,2.21,2.03,1.75,1.69,29,0,1.81,1.77,2.18,2.07
29/10/05,Birmingham,Everton,A,2.3,3.25,3,2.05,3.15,3.4,2.25,3.2,3.1,2.1,3,3.1,2.1,3.2,3,2.3,3.2,3,2.2,3,3,2.2,3.2,3,2.25,3.25,3,73,2.41,2.24,3.3,3.14,3.35,3.03,47,2.45,2.18,1.67,1.6,29,-0.25,2.08,2.03,1.88,1.84
29/10/05,Charlton,Bolton,A,2.1,3.2,3.5,2.05,3.15,3.4,2.1,3.2,3.45,2,3.1,3.2,2.2,3.2,2.8,2.1,3.2,3.4,2.1,3.1,3.1,2,3.25,3.4,2.1,3.2,3.4,73,2.28,2.11,3.3,3.17,3.6,3.28,47,2.4,2.04,1.8,1.71,29,-0.25,2.04,1.94,1.98,1.92
29/10/05,Chelsea,Blackburn,H,1.22,5.5,13,1.15,6,15,1.2,5.5,14,1.27,4.3,8.5,1.17,5.5,12,1.2,5.5,15,1.16,5.5,12,1.2,5.5,12,1.2,6,13,75,1.27,1.2,6,5.37,15,12.68,47,1.98,1.81,2.15,1.91,26,-1.5,2.03,1.94,1.94,1.9
29/10/05,Liverpool,West Ham,H,1.57,3.5,6.5,1.65,3.3,5.2,1.57,3.5,6.35,1.65,3.3,5,1.57,3.25,5.5,1.62,3.4,6,1.5,3.4,6,1.57,3.4,6,1.55,3.6,6,75,1.67,1.57,3.75,3.41,7,5.95,47,2.2,2.04,1.75,1.69,28,-0.75,1.85,1.8,2.19,2.07
29/10/05,Middlesboro,Man United,H,4.5,3.3,1.8,4,3.2,1.85,4.5,3.3,1.8,4,3.1,1.85,4.5,3.25,1.67,5,3.3,1.73,4.33,3.2,1.72,4,3.25,1.83,5,3.25,1.73,75,5,4.34,3.45,3.24,1.87,1.78,48,2.19,2.01,1.8,1.73,27,0.5,2.1,2.01,1.89,1.84
29/10/05,Sunderland,Portsmouth,A,2.25,3.2,3.1,2.2,3.1,3.1,2.25,3.2,3.1,2.2,3,2.9,2.2,3.2,2.8,2.3,3.2,3,2.3,3.1,2.75,2.2,3.2,3,2.25,3.2,3.1,73,2.4,2.25,3.3,3.16,3.4,3,47,2.4,2.08,1.75,1.66,29,-0.25,2.08,2.01,1.91,1.85
29/10/05,Tottenham,Arsenal,D,2.8,3.1,2.5,2.55,3.1,2.6,2.75,3.15,2.5,2.8,3,2.4,2.75,3,2.38,2.7,3.2,2.5,2.75,2.9,2.4,2.6,3.2,2.5,2.8,3.2,2.4,75,2.95,2.67,3.25,3.08,2.8,2.51,47,2.3,2.09,1.72,1.66,27,0,2.08,1.98,1.96,1.86
29/10/05,Wigan,Fulham,H,2.1,3.2,3.5,1.95,3.2,3.6,2.1,3.2,3.45,1.9,3.1,3.5,1.91,3.2,3.5,2.1,3.2,3.4,1.9,3.1,3.6,2,3.25,3.4,2,3.25,3.7,75,2.32,2.08,3.25,3.14,3.75,3.35,48,2.3,2.14,1.71,1.62,29,-0.25,2.04,1.98,1.92,1.88
30/10/05,West Brom,Newcastle,A,3,3.25,2.3,2.75,3.1,2.4,2.9,3.2,2.35,2.7,3,2.5,2.75,3.2,2.25,2.7,3.2,2.5,2.75,3.1,2.3,2.75,3.2,2.38,2.8,3.25,2.35,71,3.11,2.83,3.25,3.14,2.5,2.37,47,2.2,2.04,1.75,1.68,27,0,2.21,2.11,1.8,1.75
31/10/05,Man City,Aston Villa,H,1.83,3.25,4.5,1.85,3.2,4,1.83,3.25,4.4,1.85,3.1,4,1.73,3.2,4.33,1.8,3.3,4.5,1.83,3,4,1.73,3.4,4.33,1.8,3.3,4.35,73,1.91,1.81,3.4,3.24,4.75,4.23,44,2.23,2.03,1.8,1.71,27,-0.5,1.93,1.88,2.03,1.96
5/11/2005,Arsenal,Sunderland,H,1.2,6,13,1.2,5.5,12,1.2,6,12,1.25,4.5,9,1.22,5,10,1.2,6,12,1.14,6,12,1.22,5.5,10,1.17,6.5,13,69,1.25,1.2,7,5.52,17,12.1,42,1.8,1.71,2.15,2.02,23,-1.75,1.97,1.95,1.99,1.94
5/11/2005,Aston Villa,Liverpool,A,3.2,3.25,2.2,3.1,3.1,2.2,3.2,3.1,2.25,3.1,3,2.2,2.75,3.2,2.25,3,3.2,2.3,3,2.87,2.25,3,3.2,2.2,3,3.2,2.3,68,3.6,3.07,3.25,3.13,2.3,2.2,41,2.35,2.13,1.67,1.63,24,0.25,2.06,2,1.92,1.85
5/11/2005,Blackburn,Charlton,H,2.3,3.1,3.1,2.3,3.1,2.9,2.35,3.2,2.95,2.4,3,2.6,2.2,3.2,2.8,2.4,3.25,2.8,2.4,3.1,2.6,2.25,3.25,2.88,2.35,3.25,2.8,68,2.45,2.31,3.3,3.15,3.45,2.87,43,2.25,2.08,1.74,1.66,25,-0.25,2.05,1.98,1.98,1.89
5/11/2005,Fulham,Man City,H,2.5,3.2,2.75,2.45,3.1,2.7,2.45,3.25,2.75,2.4,3,2.6,2.38,3.2,2.6,2.4,3.25,2.8,2.4,3.1,2.6,2.38,3.2,2.75,2.5,3.25,2.65,69,2.65,2.43,3.3,3.14,2.9,2.7,42,2.25,2.09,1.75,1.66,25,0,1.95,1.86,2.03,1.99
5/11/2005,Newcastle,Birmingham,H,1.61,3.4,6,1.6,3.5,5.25,1.6,3.5,6,1.55,3.5,4.8,1.5,3.4,6,1.6,3.5,5.75,1.53,3.5,5.5,1.62,3.5,5,1.55,3.5,6,68,1.62,1.57,3.84,3.46,7,5.76,41,2.23,2.02,1.8,1.72,25,-0.75,1.84,1.8,2.18,2.06
5/11/2005,Portsmouth,Wigan,A,2.3,3.25,3,2.4,3.1,2.75,2.35,3.2,2.95,2.4,3,2.6,2.25,3.2,2.75,2.3,3.2,3,2.2,3.1,2.87,2.25,3.25,2.88,2.4,3.2,2.8,68,2.49,2.31,3.3,3.14,3.27,2.89,42,2.38,2.16,1.67,1.61,25,-0.25,2.07,2,1.97,1.87
5/11/2005,West Ham,West Brom,H,1.83,3.3,4.33,1.75,3.3,4.45,1.83,3.3,4.33,1.8,3.1,3.8,1.67,3.25,4.5,1.8,3.3,4.5,1.7,3.3,4.33,1.8,3.2,4.33,1.8,3.4,4.35,17,1.9,1.81,3.3,3.24,4.5,4.15,10,2.2,2.06,1.77,1.71,6,-0.5,1.89,1.83,2.05,1.97
6/11/2005,Everton,Middlesboro,H,2.5,3.2,2.75,2.3,3.1,2.9,2.45,3.25,2.75,2.5,3,2.7,2.38,3.2,2.6,2.4,3.25,2.8,2.5,3.1,2.5,2.38,3.2,2.75,2.35,3.25,2.8,66,2.55,2.41,3.3,3.14,3.1,2.75,40,2.35,2.15,1.67,1.62,25,-0.25,2.14,2.09,1.84,1.77
6/11/2005,Man United,Chelsea,H,3.25,3.2,2.2,2.85,3.1,2.35,3.2,3.1,2.25,3,3,2.3,2.75,3.2,2.25,3.1,3.2,2.25,3.1,3,2.15,2.88,3,2.38,3,3.25,2.25,66,3.5,3.04,3.25,3.09,2.35,2.25,39,2.25,2.1,1.75,1.64,24,0.25,1.93,1.85,2.06,2
7/11/2005,Bolton,Tottenham,H,2.4,3.25,2.62,2.3,3.1,2.9,2.45,3.1,2.85,2.5,3,2.7,2.25,3.2,2.75,2.38,3.2,2.88,2.5,2.9,2.62,2.38,3.2,2.75,2.4,3.25,2.75,62,2.55,2.43,3.25,3.11,2.95,2.76,44,2.44,2.18,1.7,1.61,26,0,1.85,1.82,2.12,2.02
19/11/05,Charlton,Man United,A,4,3.25,1.9,3.5,3.3,1.95,4.25,3.25,1.87,4,3.1,1.85,4,3.2,1.8,4.33,3.3,1.83,4.33,3.2,1.72,3.75,3.25,1.91,4,3.4,1.85,74,4.6,4.07,3.4,3.23,2,1.85,47,2.25,2.03,1.75,1.69,24,0.5,1.96,1.91,2.01,1.94
19/11/05,Chelsea,Newcastle,H,1.33,4.5,9.5,1.25,5,10,1.33,4.5,9,1.35,4,7,1.29,4.33,9,1.3,4.75,10,1.33,4,8,1.33,4.5,8,1.3,5,8.5,74,1.39,1.33,4.85,4.3,11,8.88,47,2.03,1.88,2,1.84,23,-1.25,2.03,1.98,1.94,1.88
19/11/05,Liverpool,Portsmouth,H,1.4,4,9,1.4,3.85,7.8,1.42,3.85,8.5,1.4,4,6.5,1.4,3.75,7,1.44,3.75,8,1.36,3.75,8,1.44,3.75,7,1.4,4,8,74,1.45,1.4,4.37,3.87,9.5,7.77,46,2.21,2.02,1.8,1.72,23,-1.25,2.06,1.98,1.96,1.9
19/11/05,Man City,Blackburn,D,1.9,3.25,4,1.85,3.2,4,2,3.2,3.75,2,3.1,3.2,1.91,3.2,3.5,2,3.2,3.75,1.83,3.2,3.75,1.83,3.25,4,1.9,3.4,3.75,73,2.1,1.95,3.3,3.18,4.15,3.69,47,2.27,2.07,1.73,1.67,26,-0.5,2.17,2.07,1.85,1.79
19/11/05,Sunderland,Aston Villa,A,2.5,3.2,2.75,2.4,3.1,2.75,2.55,3.15,2.65,2.5,3,2.5,2.5,3.2,2.5,2.5,3.2,2.7,2.62,3.1,2.37,2.5,3.2,2.6,2.5,3.25,2.65,72,2.8,2.55,3.35,3.15,2.8,2.58,47,2.25,2.09,1.73,1.65,24,0,2,1.95,1.95,1.9
19/11/05,West Brom,Everton,H,2.5,3.2,2.75,2.3,3.1,2.9,2.5,3.2,2.7,2.3,3,2.7,2.75,3.2,2.25,2.4,3.2,2.88,2.62,2.9,2.5,2.38,3.2,2.75,2.5,3.25,2.65,72,2.75,2.49,3.28,3.11,2.87,2.67,47,2.49,2.2,1.67,1.59,25,0,1.94,1.87,2.06,1.98
19/11/05,Wigan,Arsenal,A,4.5,3.3,1.8,4.25,3.2,1.8,4.5,3.25,1.8,3.7,3.1,1.9,3.75,3.25,1.8,4.33,3.25,1.83,4,3,1.83,4,3.25,1.83,4.35,3.4,1.8,74,5.2,4.3,3.52,3.24,1.9,1.79,47,2.3,2.12,1.7,1.63,25,0.5,2.13,2.05,1.85,1.8
20/11/05,Middlesboro,Fulham,H,1.9,3.25,4,1.7,3.25,4.9,1.83,3.25,4.33,1.85,3.1,3.6,1.8,3.2,4,1.83,3.25,4.33,1.83,3,4,1.83,3.25,4,1.8,3.4,4.35,72,1.9,1.82,3.46,3.22,4.8,4.17,46,2.2,2.04,1.78,1.68,23,-0.5,1.88,1.85,2.07,2
20/11/05,Tottenham,West Ham,D,1.66,3.4,5.5,1.65,3.3,5.2,1.67,3.4,5.25,1.75,3.2,4,1.67,3.25,4.5,1.67,3.3,5.5,1.61,3.3,5,1.62,3.5,5,1.65,3.3,5.5,71,1.77,1.67,3.52,3.32,6,5.02,43,2.4,2.1,1.71,1.64,23,-0.75,2,1.93,1.98,1.92
26/11/05,Arsenal,Blackburn,H,1.36,4.33,9,1.3,4.8,8,1.33,4.5,9,1.3,4.2,8,1.3,4,9.5,1.33,4.5,9,1.28,4.5,8,1.33,4.33,8.5,1.33,4.5,9,75,1.38,1.32,4.78,4.34,12,9.03,46,1.95,1.83,1.98,1.89,24,-1.25,1.99,1.9,2,1.96
26/11/05,Aston Villa,Charlton,H,2.25,3.2,3.1,2.2,3.1,3.1,2.25,3.2,3.1,2.1,3,3.1,2.2,3.25,2.75,2.25,3.2,3.1,2.2,3.1,2.87,2.25,3.25,2.88,2.3,3.2,3,73,2.35,2.22,3.3,3.17,3.5,3.01,46,2.15,2.02,1.82,1.71,26,-0.25,1.98,1.94,2,1.92
26/11/05,Man City,Liverpool,A,2.8,3.1,2.5,2.65,3.1,2.5,2.75,3.15,2.5,2.7,3,2.5,2.6,3.2,2.38,2.7,3.2,2.5,2.62,2.9,2.5,2.6,3.2,2.5,2.75,3.25,2.4,71,2.97,2.69,3.7,3.12,2.55,2.45,43,2.42,2.16,1.7,1.61,24,0.25,1.79,1.76,2.21,2.13
26/11/05,Portsmouth,Chelsea,A,9,4.33,1.36,9,4,1.35,9,4.5,1.33,6.7,3.9,1.4,8,4,1.33,10,4.33,1.33,9,4.2,1.28,8.5,4.33,1.33,9,4.5,1.33,74,12,9.16,5,4.36,1.38,1.32,45,2.07,1.94,1.91,1.79,23,1.25,2.18,2.09,1.81,1.78
26/11/05,Sunderland,Birmingham,A,2.5,3.2,2.75,2.3,3.1,2.9,2.45,3.2,2.75,2.4,3,2.6,2.38,3.2,2.6,2.5,3.2,2.7,2.62,3.1,2.37,2.38,3.2,2.75,2.6,3.2,2.6,73,2.7,2.51,3.3,3.15,2.9,2.64,46,2.4,2.11,1.73,1.65,25,0,1.98,1.9,2,1.95
26/11/05,Wigan,Tottenham,A,2.75,3.2,2.5,2.35,3.1,2.85,2.55,3.2,2.6,2.4,3,2.8,2.5,3.2,2.5,2.6,3.2,2.6,2.5,3.1,2.5,2.5,3.2,2.6,2.6,3.2,2.6,74,2.8,2.57,3.25,3.13,2.85,2.57,46,2.46,2.21,1.65,1.59,25,0,1.98,1.92,1.99,1.92
27/11/05,Everton,Newcastle,H,2.5,3.2,2.75,2.4,3.1,2.75,2.55,3.2,2.6,2.5,3,2.5,2.5,3.2,2.5,2.6,3.2,2.6,2.62,3.1,2.37,2.38,3.2,2.75,2.6,3.2,2.6,71,2.65,2.51,3.3,3.15,2.9,2.62,43,2.35,2.13,1.75,1.63,23,0,1.92,1.87,2.04,1.97
27/11/05,Fulham,Bolton,H,2.37,3.25,2.87,2.35,3.1,2.85,2.45,3.2,2.75,2.3,3,2.7,2.4,3.25,2.5,2.4,3.25,2.8,2.4,3.1,2.6,2.38,3.2,2.75,2.5,3.2,2.7,68,2.6,2.43,3.3,3.16,2.93,2.74,43,2.25,2.06,1.71,1.67,24,0,1.84,1.79,2.13,2.05
27/11/05,Middlesboro,West Brom,D,1.72,3.4,5,1.65,3.3,5.2,1.7,3.4,4.9,1.65,3.3,4.4,1.62,3.5,4.5,1.7,3.4,5,1.66,3.3,4.5,1.67,3.25,5,1.7,3.4,5,69,1.77,1.69,3.52,3.35,5.5,4.88,42,2.15,1.96,1.83,1.75,24,-0.75,2,1.98,1.95,1.89
27/11/05,West Ham,Man United,A,5,3.3,1.72,4.3,3.2,1.8,5,3.4,1.72,4.3,3.2,1.75,4.5,3.5,1.62,5,3.4,1.7,4.5,3.3,1.66,4.33,3.4,1.73,5,3.5,1.65,70,5.2,4.67,3.5,3.34,1.8,1.71,41,2.2,1.99,1.83,1.74,23,0.5,2.2,2.14,1.81,1.74
30/11/05,Sunderland,Liverpool,A,7,3.75,1.5,6.4,3.6,1.5,7,3.6,1.5,5,3.7,1.5,6.5,3.6,1.44,7,3.75,1.5,6.5,3.6,1.44,6,3.6,1.53,6,3.6,1.5,69,8.2,6.54,4.1,3.63,1.57,1.48,38,2.2,2.02,1.75,1.69,20,1,2,1.93,1.99,1.9
3/12/2005,Blackburn,Everton,A,2,3.2,3.75,1.9,3.2,3.85,1.95,3.25,3.75,1.85,3.1,3.6,1.8,3.2,4,1.91,3.25,4,1.95,3.1,3.5,1.91,3.25,3.75,1.9,3.4,3.75,78,2.1,1.95,3.3,3.19,4.1,3.66,48,2.4,2.15,1.67,1.62,27,-0.5,2.02,1.98,1.95,1.86
3/12/2005,Bolton,Arsenal,H,4.33,3.3,1.83,4.15,3.3,1.8,4.33,3.25,1.83,4.2,3.1,1.8,3.75,3.2,1.83,4.33,3.25,1.85,4.2,3.25,1.72,4,3.25,1.83,4.35,3.4,1.8,79,5,4.21,3.45,3.23,1.92,1.81,48,2.19,2.03,1.75,1.69,27,0.5,2.1,2.02,1.89,1.82
3/12/2005,Chelsea,Middlesboro,H,1.25,5,13,1.25,5,10,1.27,5,10,1.27,4.3,8.5,1.2,5,11,1.25,5,12,1.28,4.2,9,1.25,5,10,1.25,5.5,10,78,1.29,1.25,6.04,4.91,15,10.87,48,1.91,1.81,2.06,1.91,25,-1.5,1.95,1.89,2.04,1.95
3/12/2005,Liverpool,Wigan,H,1.53,3.5,7,1.5,3.65,6.15,1.53,3.6,6.5,1.55,3.5,5.6,1.5,3.4,6,1.5,3.75,7,1.44,3.6,6.5,1.5,3.6,6.5,1.5,3.75,7,79,1.57,1.49,4.1,3.58,8.2,6.66,47,2.39,2.12,1.7,1.64,26,-1,2,1.93,2.01,1.9
3/12/2005,Man United,Portsmouth,H,1.2,5.5,17,1.2,5.45,11.5,1.22,5.5,12,1.27,4.3,8.5,1.17,5.5,12,1.22,5.5,12,1.22,5,9.5,1.2,5.5,12,1.2,6,12,78,1.27,1.21,6.2,5.29,17.6,12.02,47,1.87,1.77,2.06,1.96,25,-1.5,1.89,1.82,2.1,2.03
3/12/2005,Newcastle,Aston Villa,D,1.72,3.4,5,1.8,3.2,4.3,1.8,3.25,4.5,1.8,3.1,3.8,1.73,3.2,4.33,1.8,3.3,4.5,1.66,3.3,4.5,1.8,3.2,4.33,1.8,3.3,4.5,78,1.95,1.8,3.45,3.24,5,4.29,48,2.2,2.04,1.75,1.69,26,-0.5,2.04,1.94,2.05,1.91
3/12/2005,Tottenham,Sunderland,H,1.33,4.33,10,1.35,4.3,8,1.36,4.33,8.5,1.35,4.2,7.5,1.29,4.33,9,1.33,4.33,10,1.3,4.33,8,1.36,4,8.5,1.33,4.5,9,78,1.38,1.32,4.9,4.31,12.38,9.33,47,2.03,1.9,1.91,1.82,25,-1.5,2.1,2.02,1.9,1.84
3/12/2005,West Brom,Fulham,D,2.37,3.2,2.9,2.2,3.1,3.1,2.3,3.2,2.95,2.3,3,2.7,2.5,3.2,2.5,2.38,3.2,2.88,2.37,3.1,2.62,2.25,3.25,2.88,2.35,3.25,2.8,77,2.5,2.34,3.3,3.16,3.1,2.83,48,2.1,1.97,1.85,1.74,27,0,1.9,1.81,2.1,2.02
4/12/2005,Charlton,Man City,A,2.4,3.2,2.87,2.1,3.1,3.3,2.33,3.2,2.9,2.3,3,2.7,2.2,3.25,2.75,2.38,3.2,2.88,2.3,3.1,2.75,2.25,3.25,2.88,2.35,3.25,2.8,78,2.5,2.31,3.3,3.16,3.1,2.88,48,2.21,2.06,1.77,1.67,26,-0.25,2.2,2.09,1.8,1.78
5/12/2005,Birmingham,West Ham,A,2.3,3.25,3,2.25,3.15,2.95,2.25,3.2,3.05,2.4,3,2.6,2.2,3.2,2.8,2.2,3.2,3.2,2.25,3.1,2.8,2.2,3.2,3,2.25,3.25,3,76,2.4,2.25,3.25,3.16,3.45,2.96,45,2.35,2.12,1.71,1.63,25,-0.25,2.02,1.95,1.97,1.9
10/12/2005,Birmingham,Fulham,H,2.3,3.25,3,2.1,3.1,3.3,2.3,3.2,2.95,2.3,3,2.7,2.1,3.2,3,2.25,3.2,3.1,2.2,3.1,2.87,2.2,3.2,3,2.25,3.25,3,74,2.35,2.26,3.25,3.15,3.25,2.95,47,2.32,2.13,1.67,1.63,26,-0.25,2.05,1.99,1.93,1.87
10/12/2005,Blackburn,West Ham,H,2,3.2,3.75,1.9,3.15,3.9,2,3.2,3.75,2,3.1,3.2,1.8,3.2,4,2,3.2,3.75,1.95,3.1,3.5,2,3.25,3.4,2,3.2,3.75,74,2.15,1.99,3.3,3.18,4.1,3.55,47,2.27,2.07,1.75,1.67,27,-0.5,2.11,2.04,1.87,1.8
10/12/2005,Bolton,Aston Villa,D,1.83,3.3,4.33,1.8,3.2,4.15,1.85,3.2,4.25,1.8,3.1,3.8,1.62,3.25,5,1.83,3.25,4.33,1.8,3.1,4,1.8,3.2,4.33,1.8,3.25,4.5,76,1.9,1.8,3.4,3.22,5,4.27,48,2.25,2.09,1.74,1.66,26,-0.5,1.88,1.84,2.08,2
10/12/2005,Charlton,Sunderland,H,1.66,3.4,5.5,1.6,3.4,5.5,1.65,3.4,5.5,1.6,3.4,4.6,1.62,3.5,4.5,1.62,3.4,6,1.66,3.1,5,1.62,3.5,5,1.65,3.5,5,76,1.7,1.62,3.8,3.4,6.35,5.37,48,2,1.91,1.95,1.81,25,-0.75,1.94,1.88,2.02,1.98
10/12/2005,Chelsea,Wigan,H,1.2,5.5,17,1.2,5.25,13,1.2,5.5,15,1.22,4.8,9.5,1.14,6,12,1.2,5.5,15,1.14,5.5,15,1.18,5.5,13,1.18,6,13,77,1.22,1.18,6.7,5.54,18.5,13.72,48,1.87,1.77,2.12,1.95,26,-1.5,1.77,1.72,2.22,2.13
10/12/2005,Liverpool,Middlesboro,H,1.57,3.6,6,1.55,3.5,5.8,1.55,3.5,6.7,1.55,3.5,4.8,1.44,3.6,6.5,1.53,3.6,6.5,1.57,3.1,6,1.53,3.6,6,1.5,3.8,6.5,77,1.6,1.53,3.8,3.49,7.5,6.23,48,2.3,2.08,1.75,1.67,26,-1,2.13,2.06,1.93,1.79
10/12/2005,Newcastle,Arsenal,H,4,3.25,1.9,3.9,3.15,1.9,4,3.25,1.93,3.6,3.1,1.85,4,3.4,1.73,4,3.4,1.85,3.75,3.2,1.83,3.75,3.25,1.91,4,3.4,1.84,76,4.5,3.81,3.45,3.22,2,1.89,46,2.2,2.02,1.77,1.71,25,0.5,2.05,1.95,1.95,1.89
10/12/2005,West Brom,Man City,H,2.8,3.25,2.4,2.65,3.1,2.5,2.75,3.2,2.4,2.5,3,2.5,2.75,3.2,2.25,2.7,3.2,2.5,2.87,3,2.25,2.75,3.2,2.38,2.8,3.25,2.35,75,3.28,2.79,3.45,3.16,2.5,2.34,47,2.1,1.96,1.85,1.75,26,0.25,1.96,1.91,2,1.97
11/12/2005,Man United,Everton,D,1.3,4.5,12,1.27,4.75,9.5,1.3,4.5,10,1.33,4,7.5,1.3,4.33,8,1.3,4.5,11,1.28,4,10,1.29,4.5,10,1.3,4.5,10.5,79,1.35,1.29,5.05,4.41,12,9.95,48,2.08,1.94,1.88,1.79,27,-1.5,2.13,2.04,1.87,1.81
12/12/2005,Tottenham,Portsmouth,H,1.44,4,7.5,1.4,4,7.25,1.4,3.75,9,1.45,3.8,5.4,1.33,4,8,1.44,3.75,8,1.4,3.5,8,1.4,3.8,8,1.4,4,8,77,1.47,1.4,4.35,3.89,9.4,7.78,46,2.1,1.95,1.88,1.78,28,-1.25,2.17,2.08,1.85,1.78
14/12/05,Everton,West Ham,A,2.1,3.2,3.5,1.9,3.15,3.9,2,3.2,3.75,1.9,3.1,3.5,1.91,3.2,3.5,2,3.2,3.75,2.1,3.2,3,2,3.25,3.4,2.1,3.25,3.3,77,2.14,2,3.4,3.17,3.9,3.49,46,2.4,2.13,1.7,1.63,27,-0.5,2.18,2.09,1.83,1.79
14/12/05,Man United,Wigan,H,1.3,4.5,11,1.25,5,10,1.3,4.85,9.5,1.33,4,7.5,1.29,4.33,9,1.29,5,10,1.25,4.5,10,1.29,4.5,10,1.28,5,10,78,1.39,1.29,5.5,4.52,11,9.38,46,2.02,1.9,1.94,1.83,25,-1.5,2.23,2.11,1.8,1.76
17/12/05,Aston Villa,Man United,A,5.5,3.4,1.66,4.5,3.25,1.75,5,3.4,1.7,4,3.2,1.75,4.33,3.2,1.73,5.25,3.4,1.67,4.5,3.1,1.72,4.33,3.4,1.73,5,3.5,1.65,78,7.1,5.04,3.95,3.36,1.75,1.65,47,2.2,1.99,1.9,1.73,25,0.75,2.16,2.1,1.85,1.79
17/12/05,Everton,Bolton,A,2.37,3.25,2.87,2.2,3.1,3.1,2.35,3.2,2.9,2.3,3,2.7,2.25,3,2.88,2.38,3.2,2.88,2.25,3.2,2.75,2.25,3.25,2.88,2.35,3.2,2.9,74,2.55,2.31,3.25,3.16,3.1,2.86,45,2.46,2.19,1.65,1.6,23,0,1.81,1.77,2.17,2.09
17/12/05,Fulham,Blackburn,H,2.3,3.25,3,2.1,3.1,3.3,2.25,3.2,3.1,2.2,3,2.9,2.2,3.2,2.8,2.2,3.2,3.2,2.15,3,3.1,2.2,3.2,3,2.25,3.25,3,76,2.3,2.2,3.3,3.16,3.42,3.05,47,2.16,2.02,1.82,1.7,27,-0.25,1.98,1.95,1.95,1.91
17/12/05,Man City,Birmingham,H,1.8,3.2,5,1.6,3.5,5.2,1.83,3.25,4.5,1.7,3.2,4.2,1.73,3.2,4.33,1.8,3.4,4.33,1.8,2.9,4.5,1.73,3.4,4.33,1.8,3.25,4.5,76,1.92,1.78,3.45,3.24,5,4.37,47,2.32,2.12,1.7,1.63,26,-0.5,1.95,1.89,2,1.97
17/12/05,Portsmouth,West Brom,H,2.2,3.2,3.25,2.25,3.1,3,2.15,3.25,3.25,2.2,3,2.9,2.2,3.2,2.8,2.1,3.25,3.4,2.1,3,3.2,2.1,3.2,3.2,2.2,3.25,3.1,74,2.25,2.14,3.3,3.16,3.8,3.19,44,2.28,2.08,1.76,1.66,25,-0.25,1.85,1.81,2.12,2.06
17/12/05,West Ham,Newcastle,A,2.5,3.2,2.75,2.45,3.1,2.7,2.5,3.2,2.75,2.4,3,2.6,2.25,3.2,2.75,2.5,3.2,2.7,2.3,3.1,2.75,2.25,3.25,2.88,2.4,3.25,2.75,76,2.62,2.43,3.3,3.15,3.06,2.69,47,2.18,2,1.8,1.71,25,0,1.87,1.82,2.11,2.03
17/12/05,Wigan,Charlton,H,2.3,3.25,3,2.1,3.1,3.3,2.25,3.2,3.1,2.2,3,2.9,2.1,3.2,3,2.25,3.2,3.1,2.15,3.2,2.9,2.2,3.2,3,2.25,3.25,3,74,2.35,2.21,3.33,3.17,3.3,3.03,44,2.2,2.07,1.75,1.68,24,-0.25,2.06,1.97,1.98,1.89
18/12/05,Arsenal,Chelsea,A,2.87,3.1,2.5,2.75,3.05,2.45,2.9,3.1,2.4,3.1,2.9,2.3,2.6,3,2.5,2.88,3,2.5,3,2.87,2.25,2.75,3.2,2.38,2.9,3.2,2.35,77,3.2,2.86,3.25,3.06,2.66,2.39,49,2.32,2.14,1.71,1.63,26,0,2.13,2.06,1.87,1.8
18/12/05,Middlesboro,Tottenham,D,2.5,3.2,2.75,2.35,3.1,2.85,2.45,3.2,2.8,2.4,3,2.6,2.25,3.2,2.75,2.5,3.2,2.7,2.37,3.1,2.62,2.25,3.25,2.88,2.5,3.25,2.65,75,2.85,2.45,3.25,3.14,2.9,2.7,48,2.21,2.07,1.71,1.66,25,0,2.03,1.91,2,1.93
26/12/05,Aston Villa,Everton,H,2.1,3.2,3.5,2.2,3.1,3.1,2.15,3.2,3.3,2.1,3,3.1,2.1,3,3.2,2.2,3.2,3.2,2.1,2.87,3.3,2.1,3.2,3.2,2.1,3.25,3.3,49,2.25,2.13,3.26,3.17,3.6,3.3,36,2.33,2.14,1.67,1.62,24,-0.25,1.93,1.9,2.03,1.96
26/12/05,Charlton,Arsenal,A,5,3.4,1.72,4.65,3.35,1.7,5,3.4,1.7,4.2,3.2,1.7,4,3.4,1.73,5,3.4,1.7,5.5,3.3,1.57,4.33,3.4,1.73,5,3.5,1.65,49,5.75,5.01,3.7,3.41,1.75,1.68,36,2.05,1.95,1.92,1.77,23,0.75,2.2,2.09,1.88,1.8
26/12/05,Chelsea,Fulham,H,1.2,5.5,17,1.17,6,13,1.2,5.5,15,1.22,4.8,9.5,1.17,5.5,12,1.18,6,15,1.16,5.5,12,1.2,5,13,1.2,5.5,15,48,1.21,1.18,7.29,5.84,19.72,15.03,35,1.9,1.77,2.14,1.94,22,-1.75,1.95,1.88,2.08,1.98
26/12/05,Liverpool,Newcastle,H,1.66,3.4,5.5,1.55,3.5,5.8,1.6,3.5,5.75,1.6,3.4,4.6,1.57,3.5,5,1.62,3.4,6,1.57,3.3,5.5,1.57,3.5,5.5,1.6,3.5,5.5,49,1.67,1.6,3.7,3.48,6.3,5.62,36,2.25,2.06,1.75,1.68,23,-0.75,1.87,1.83,2.09,2.04
26/12/05,Man United,West Brom,H,1.22,5.5,13,1.2,5.5,12,1.2,5.5,15,1.25,4.5,9,1.2,5,11,1.2,5.5,15,1.16,5,15,1.2,5,13,1.22,5.5,12,49,1.24,1.2,7.31,5.63,19,13.74,36,1.83,1.73,2.13,2,22,-1.75,1.88,1.84,2.08,2.01
26/12/05,Middlesboro,Blackburn,A,2,3.2,3.75,1.85,3.15,4.1,2,3.2,3.7,1.9,3.1,3.5,2.1,3.2,3,2,3.2,3.75,2.05,3.1,3.2,2,3.25,3.4,1.9,3.25,4,48,2.15,1.99,3.31,3.21,4.06,3.65,35,2.13,1.98,1.9,1.75,24,-0.5,2.08,2.03,1.85,1.81
26/12/05,Portsmouth,West Ham,D,2.37,3.2,2.9,2.3,3.1,2.9,2.35,3.2,2.9,2.4,3,2.6,2.38,3.2,2.6,2.38,3.2,2.88,2.3,3.1,2.75,2.25,3.25,2.88,2.3,3.3,2.9,48,2.45,2.34,3.31,3.2,3.05,2.87,35,2.2,2.06,1.76,1.67,24,-0.25,2.16,2.11,1.8,1.77
26/12/05,Sunderland,Bolton,D,4,3.25,1.9,3.6,3.2,1.9,4,3.25,1.91,3.8,3.1,1.8,4.33,3.2,1.73,4,3.25,1.91,4,3.1,1.8,4,3.25,1.83,4.35,3.3,1.8,49,4.75,4.08,3.51,3.29,1.93,1.85,36,2.15,2.03,1.78,1.7,23,0.5,2.03,1.97,1.9,1.86
26/12/05,Tottenham,Birmingham,H,1.5,3.75,7,1.4,4,7.25,1.47,3.75,7,1.45,3.8,5.4,1.36,3.75,8,1.42,4,7.6,1.5,3.4,6,1.44,3.75,7,1.45,3.75,7.5,48,1.5,1.44,4.15,3.8,9,7.63,35,2.1,1.94,1.88,1.78,23,-1,1.82,1.78,2.15,2.05
26/12/05,Wigan,Man City,H,2.4,3.2,2.87,2.45,3.1,2.7,2.4,3.2,2.8,2.3,3,2.7,2.25,3.2,2.75,2.38,3.2,2.88,2.3,3.2,2.62,2.38,3.2,2.75,2.35,3.25,2.8,48,2.5,2.38,3.31,3.19,2.99,2.81,35,2.15,2.04,1.77,1.69,22,0,1.83,1.78,2.13,2.04
28/12/05,Arsenal,Portsmouth,H,1.22,5.5,13,1.2,5.5,12,1.23,5.5,12,1.22,4.8,9.5,1.25,4.5,10,1.2,5.5,15,1.22,5,9.5,1.25,5,10,1.25,5.5,9.5,46,1.27,1.23,6.26,5.29,16.68,11.98,33,1.8,1.71,2.13,2.01,21,-1.75,1.96,1.91,1.98,1.96
28/12/05,Birmingham,Man United,D,7.5,4.33,1.4,7.25,4,1.4,8,4,1.44,5.4,3.8,1.45,6,3.75,1.44,9,4.2,1.36,6.5,3.6,1.44,7,3.75,1.44,8,4.35,1.35,47,9.19,7.53,4.35,3.98,1.5,1.42,34,2.02,1.88,1.9,1.83,22,1.25,2.01,1.95,1.95,1.9
28/12/05,Everton,Liverpool,A,5,3.4,1.72,4.8,3.3,1.7,5.5,3.3,1.75,4,3.2,1.75,4.33,3.2,1.73,5,3.4,1.7,4.5,3.1,1.72,4,3.25,1.83,4.5,3.25,1.8,48,5.5,4.74,3.45,3.31,2,1.75,33,2.32,2.1,1.71,1.65,22,0.5,2.17,2.1,1.8,1.76
28/12/05,Fulham,Aston Villa,D,2.1,3.25,3.4,2.1,3.1,3.3,2.1,3.2,3.4,2.1,3,3.1,2,3.2,3.2,2.1,3.2,3.4,2,3.1,3.3,2,3.25,3.4,2.2,3.25,3.1,47,2.2,2.09,3.5,3.21,3.6,3.37,34,2.15,2.02,1.76,1.7,23,-0.25,1.92,1.88,2.01,1.98
28/12/05,Man City,Chelsea,A,6,3.6,1.57,6.4,3.6,1.5,6.5,3.6,1.55,4.8,3.5,1.55,6,3.75,1.44,6,4,1.5,5.5,3.5,1.53,5.5,3.5,1.57,6,3.75,1.53,47,7.3,6.01,4,3.62,1.6,1.55,34,2.16,2,1.8,1.72,22,1,1.9,1.82,2.06,2.01
28/12/05,West Brom,Tottenham,H,3.4,3.25,2.1,3.8,3.1,1.95,3.5,3.25,2.05,3.1,3,2.1,3,3.2,2.1,3.6,3.4,1.95,3.1,3.1,2.1,3.2,3.2,2.1,3.2,3.4,2.1,48,3.82,3.37,3.4,3.24,2.18,2.07,34,2.3,2.09,1.75,1.66,23,0.5,1.86,1.79,2.1,2.05
28/12/05,West Ham,Wigan,A,2.1,3.25,3.4,2.25,3.1,3,2.2,3.1,3.3,2.1,3,3.1,2.1,3.2,3,2.3,3.2,3,2.05,3.2,3.1,2.1,3.2,3.2,2.2,3.25,3.1,47,2.35,2.19,3.5,3.21,3.4,3.15,32,2.15,2,1.85,1.71,23,-0.25,2.03,1.97,1.93,1.89
31/12/05,Aston Villa,Arsenal,D,5.5,3.6,1.61,5,3.2,1.7,5.25,3.4,1.67,4.2,3.2,1.7,4.5,3.5,1.62,5.5,3.4,1.67,4.5,3.3,1.66,5,3.25,1.67,5,3.6,1.65,51,6.12,5.28,3.67,3.46,1.71,1.63,34,2.03,1.92,1.89,1.8,23,0.75,2.13,2.08,1.84,1.78
31/12/05,Charlton,West Ham,H,2.2,3.25,3.2,2.15,3.1,3.2,2.25,3.1,3.2,2.2,3,2.9,2.25,3.2,2.75,2.2,3.2,3.2,2.15,3.1,3,2.1,3.2,3.2,2.2,3.25,3.1,50,2.3,2.2,3.31,3.19,3.51,3.12,32,2.2,1.98,1.83,1.74,24,-0.25,1.91,1.85,2.07,2
31/12/05,Chelsea,Birmingham,H,1.14,7,17,1.13,6.5,16,1.15,6.5,17,1.15,6,12,1.12,6.5,13,1.12,7,19,1.14,5.5,15,1.17,6,13,1.14,7,15,49,1.2,1.15,8,6.52,26.33,16.19,32,1.8,1.7,2.26,2.03,22,-1.75,1.83,1.79,2.13,2.07
31/12/05,Liverpool,West Brom,H,1.22,5.5,13,1.2,5.5,12,1.22,5.5,13,1.25,4.5,9,1.22,5,10,1.22,5.5,13,1.25,4.5,10,1.25,5,10,1.2,6,13,50,1.25,1.22,6.46,5.34,18.33,12.62,32,1.85,1.73,2.1,1.99,22,-1.75,1.99,1.94,1.97,1.92
31/12/05,Man United,Bolton,H,1.4,4.33,7.5,1.35,4.5,7.25,1.38,4.25,8,1.37,4,7,1.5,3.25,6.5,1.36,4.5,8,1.36,3.75,8,1.44,3.75,7,1.4,4,8,51,1.45,1.39,4.5,4.06,9,7.85,32,1.86,1.78,2.07,1.94,22,-1.25,2.09,2.05,1.85,1.81
31/12/05,Middlesboro,Man City,D,2.25,3.25,3.1,2.2,3.1,3.1,2.25,3.2,3.1,2.3,3,2.7,2.2,3.25,2.75,2.25,3.2,3.1,2.25,3.2,2.75,2.2,3.2,3,2.25,3.3,3,50,2.3,2.23,3.3,3.21,3.45,3.03,32,2.11,1.94,1.85,1.78,24,-0.25,1.98,1.92,2,1.93
31/12/05,Portsmouth,Fulham,H,2.4,3.2,2.87,2.2,3.1,3.1,2.33,3.2,2.95,2.3,3,2.7,2.25,3.2,2.75,2.38,3.2,2.88,2.15,3.2,2.9,2.25,3.25,2.88,2.25,3.25,3,50,2.42,2.3,3.31,3.19,3.2,2.92,32,2.2,2.05,1.75,1.69,23,-0.25,2.1,2.04,1.85,1.81
31/12/05,Sunderland,Everton,A,2.6,3.25,2.6,2.6,3.1,2.55,2.65,3.2,2.55,2.4,3,2.6,2.6,3.2,2.38,2.6,3.2,2.6,2.5,3.1,2.5,2.5,3.2,2.6,2.75,3.25,2.4,51,2.75,2.57,3.25,3.18,2.9,2.59,33,2.25,2.1,1.72,1.66,22,0,1.9,1.84,2.08,1.97
31/12/05,Tottenham,Newcastle,H,2,3.2,3.75,1.85,3.15,4.1,1.9,3.25,4,1.8,3.1,3.8,1.73,3.2,4.33,1.85,3.25,4.33,1.72,3.25,4.2,1.83,3.25,4,1.85,3.4,4,51,2.05,1.9,3.4,3.23,4.35,3.92,34,2.15,2,1.82,1.73,23,-0.5,2.1,2.01,1.86,1.81
31/12/05,Wigan,Blackburn,A,2.2,3.2,3.25,2,3.1,3.6,2.15,3.2,3.35,2,3.1,3.2,1.91,3.2,3.5,2.2,3.2,3.2,2.15,3.1,3,2,3.25,3.4,2.1,3.25,3.3,49,2.35,2.16,3.31,3.19,3.51,3.21,32,2.08,1.96,1.86,1.77,23,-0.25,2,1.96,1.93,1.89
2/1/2006,Birmingham,Wigan,H,2.4,3.2,2.87,2.5,3.1,2.65,2.4,3.25,2.85,2.3,3,2.7,2.38,3.2,2.6,2.5,3.2,2.7,2.4,3.1,2.6,2.38,3.2,2.75,2.5,3.25,2.65,45,2.55,2.42,3.3,3.18,3.1,2.77,31,2.27,2.05,1.76,1.69,21,-0.25,2.15,2.1,1.8,1.76
2/1/2006,Blackburn,Portsmouth,H,1.66,3.4,5.5,1.65,3.3,5.2,1.7,3.3,5.3,1.55,3.5,4.8,1.57,3.5,5,1.67,3.5,5.2,1.61,3.3,5,1.67,3.25,5,1.65,3.5,5,45,1.71,1.66,3.6,3.41,6.03,5.17,31,2.2,2,1.8,1.74,21,-0.75,1.9,1.86,2.03,2.01
2/1/2006,Bolton,Liverpool,D,3.75,3.2,2,3.35,3.15,2.05,3.8,3.2,2,3.2,3.1,2,3.2,3.2,2,3.75,3.2,2,3.3,3.1,2,3.4,3.25,2,3.5,3.2,2,46,4.17,3.59,3.35,3.21,2.1,2,32,2.5,2.16,1.7,1.63,21,0.5,1.9,1.85,2.08,2.01
2/1/2006,Everton,Charlton,H,2.3,3.25,3,2.25,3.1,3,2.3,3.25,3,2.2,3,2.9,2.2,3.25,2.75,2.3,3.2,3,2.3,3.1,2.75,2.2,3.2,3,2.25,3.25,3,46,2.4,2.28,3.3,3.2,3.21,2.96,32,2.25,2.1,1.71,1.66,21,-0.25,2.1,2.03,1.9,1.84
2/1/2006,Fulham,Sunderland,H,1.57,3.5,6.5,1.5,3.6,6.4,1.55,3.5,6.5,1.55,3.5,4.8,1.57,3.5,5,1.53,3.6,6.5,1.57,3.3,5.5,1.53,3.6,6,1.55,3.6,6,45,1.62,1.56,3.85,3.54,6.98,6.05,31,2.07,1.94,1.86,1.79,22,-1,2.16,2.05,1.85,1.78
2/1/2006,Newcastle,Middlesboro,D,2.1,3.1,3.6,1.9,3.15,3.9,2.05,3.2,3.6,2.1,3,3.1,1.91,3.2,3.5,2.1,3.2,3.4,1.9,3,3.75,2,3.25,3.4,1.9,3.2,3.75,45,2.21,2.06,3.26,3.17,3.9,3.5,31,2.24,2.05,1.75,1.68,22,-0.25,1.96,1.9,2,1.95
2/1/2006,West Brom,Aston Villa,A,2.5,3.2,2.75,2.3,3.1,2.9,2.5,3,2.9,2.3,3,2.7,2.5,3.2,2.5,2.5,3.2,2.7,2.37,3,2.7,2.5,3.2,2.6,2.6,3.2,2.6,45,2.61,2.45,3.3,3.15,3.02,2.75,31,2.2,2.06,1.75,1.68,20,0,1.83,1.79,2.1,2.04
2/1/2006,West Ham,Chelsea,A,9,4,1.4,7.25,4,1.4,8.5,4.5,1.35,6,3.9,1.4,8,4.5,1.29,9,4.5,1.33,8,3.75,1.36,8,3.8,1.4,8,4,1.4,45,10.88,8.51,4.55,4.16,1.42,1.37,31,2.04,1.94,1.88,1.79,21,1.25,2.01,1.94,1.98,1.92
3/1/2006,Arsenal,Man United,D,2.62,3.1,2.75,2.35,3.1,2.85,2.5,3,2.9,2.4,3,2.6,2.25,3.2,2.75,2.5,3.2,2.7,2.5,3.1,2.5,2.5,3.2,2.6,2.6,3.2,2.6,45,2.7,2.51,3.25,3.14,2.85,2.7,31,2.2,2.01,1.8,1.72,20,0,1.93,1.88,2.02,1.95
4/1/2006,Man City,Tottenham,A,2.5,3.1,2.8,2.4,3.1,2.75,2.45,3.25,2.75,2.5,3,2.5,2.38,3.2,2.6,2.5,3.2,2.7,2.37,3.1,2.62,2.38,3.2,2.75,2.6,3.2,2.6,43,2.5,2.41,3.3,3.17,3.12,2.77,29,2.17,2.03,1.75,1.69,18,0,1.81,1.77,2.16,2.06
14/01/06,Arsenal,Middlesboro,H,1.33,4.33,8,1.3,4.75,8,1.35,4.5,9,1.33,4.2,8,1.3,4.33,8,1.33,4.5,9,1.33,4,8,1.33,4.33,8.5,1.35,4.5,9,47,1.39,1.32,5.2,4.48,10.5,8.89,35,1.88,1.77,2.15,1.97,20,-1.25,1.83,1.81,2.15,2.06
14/01/06,Aston Villa,West Ham,A,2,3.2,3.75,1.9,3.1,3.85,2,3.25,3.75,1.8,3.2,4,1.83,3.2,3.75,1.91,3.25,4,1.83,3.2,3.75,1.91,3.25,3.75,1.9,3.4,3.75,44,2.02,1.92,3.49,3.26,4.21,3.84,34,2.13,1.99,1.81,1.74,20,-0.5,2.02,1.94,1.95,1.9
14/01/06,Blackburn,Bolton,D,2.1,3.25,3.4,2.2,3.15,3.05,2.2,3.2,3.2,2.2,3.1,3,2.1,3.2,3,2.2,3.25,3.1,2.15,3.1,3,2.1,3.2,3.2,2.2,3.2,3.2,46,2.25,2.12,3.26,3.2,3.85,3.27,34,2.15,2.02,1.8,1.71,22,-0.25,1.85,1.81,2.14,2.06
14/01/06,Charlton,Birmingham,H,2,3.2,3.75,1.85,3.15,4.1,2,3.25,3.75,1.85,3.3,3.7,1.91,3.25,3.4,1.91,3.25,4,1.95,3,3.6,1.8,3.4,4,2,3.25,3.6,44,2.26,2.03,3.31,3.22,4,3.55,34,2.2,2.02,1.76,1.71,20,-0.25,2,1.95,1.98,1.93
14/01/06,Fulham,Newcastle,H,2.37,3.25,2.87,2.35,3.1,2.85,2.35,3.25,2.9,2.1,3.2,3.1,2.2,3.25,2.75,2.3,3.2,3,2.05,3.2,3.1,2.2,3.2,3,2.25,3.25,3,44,2.35,2.24,3.36,3.23,3.33,3.01,34,2.08,1.97,1.86,1.76,21,-0.25,2,1.93,1.98,1.93
14/01/06,Liverpool,Tottenham,H,1.66,3.4,5.5,1.6,3.4,5.5,1.67,3.4,5.5,1.65,3.4,4.7,1.67,3.25,4.5,1.67,3.4,5.25,1.61,3.3,5,1.67,3.25,5,1.65,3.5,5,46,1.7,1.64,3.64,3.4,6.46,5.45,34,2.25,2.11,1.71,1.65,21,-0.75,1.85,1.83,2.08,2.03
14/01/06,Man City,Man United,H,4.5,3.3,1.8,4.3,3.2,1.8,4.5,3.3,1.8,4.2,3.3,1.75,4,3.2,1.8,4.5,3.3,1.8,4.5,3.1,1.72,4,3.4,1.8,4.5,3.25,1.8,46,5.5,4.56,3.55,3.3,1.86,1.78,35,2.1,2,1.78,1.72,21,0.5,2.13,2.05,1.84,1.78
14/01/06,Portsmouth,Everton,A,2.2,3.25,3.2,2.25,3.15,2.95,2.25,3.2,3.1,2.3,3.1,2.8,2.2,3.2,2.8,2.25,3.2,3.1,2.1,3.1,3.1,2.2,3.2,3,2.2,3.25,3.1,44,2.35,2.24,3.3,3.2,3.25,3.05,34,2.3,2.14,1.68,1.63,21,-0.25,2.04,1.99,1.91,1.87
15/01/06,Sunderland,Chelsea,A,17,5.5,1.2,13,5.25,1.2,15,5.5,1.2,10,5,1.22,12,5.5,1.17,15,5.5,1.2,15,5,1.16,12,5.5,1.2,15,5.5,1.2,45,19,14.22,6.4,5.5,1.24,1.2,33,1.85,1.73,2.1,1.99,20,1.5,2.17,2.08,1.79,1.75
15/01/06,Wigan,West Brom,A,1.83,3.3,4.33,1.75,3.2,4.55,1.85,3.2,4.5,1.7,3.3,4.5,1.73,3.2,4.33,1.8,3.3,4.5,1.8,3,4.2,1.91,3.25,3.75,1.8,3.25,4.5,43,2.08,1.85,3.32,3.25,4.6,4.21,33,2.13,2.01,1.78,1.71,19,-0.5,2.01,1.96,1.91,1.87
21/01/06,Birmingham,Portsmouth,H,2.1,3.2,3.5,2,3.1,3.6,2.05,3.2,3.6,1.9,3.2,3.6,2.1,3.2,3,2.05,3.2,3.6,2.05,3.1,3.2,2,3.25,3.4,2,3.3,3.5,48,2.15,2.04,3.31,3.21,3.8,3.47,34,2.29,2.12,1.71,1.64,22,-0.5,2.1,2.05,1.82,1.79
21/01/06,Bolton,Man City,H,2.25,3.2,3.1,2.15,3.1,3.2,2.25,3.2,3.1,2.3,3.1,2.8,2,3.2,3.2,2.2,3.2,3.2,2.2,3,3,2.1,3.2,3.2,2.2,3.25,3.1,49,2.45,2.24,3.31,3.17,3.35,3.07,34,2.27,2.12,1.69,1.65,22,-0.25,2.13,2.08,1.82,1.79
21/01/06,Everton,Arsenal,H,5.5,3.5,1.66,5.15,3.3,1.65,5.25,3.4,1.7,4.5,3.3,1.7,4.33,3.2,1.73,5.75,3.6,1.6,4.5,3.2,1.7,5,3.25,1.67,5,3.6,1.65,50,6,4.98,3.6,3.39,1.75,1.68,34,2.16,1.99,1.8,1.74,21,0.75,2.03,2,1.96,1.86
21/01/06,Middlesboro,Wigan,A,2.2,3.2,3.25,2.15,3.1,3.2,2.1,3.25,3.4,2.1,3.2,3.1,2.1,3.2,3,2.2,3.2,3.2,2.2,3.1,2.87,2.2,3.2,3,2,3.3,3.5,48,2.2,2.1,3.31,3.19,3.8,3.3,34,2.13,2.01,1.8,1.72,22,-0.25,1.8,1.77,2.16,2.1
21/01/06,Newcastle,Blackburn,A,2.3,3.25,3,2.2,3.1,3.1,2.25,3.2,3.1,2.3,3.1,2.8,2.2,3.2,2.8,2.2,3.2,3.2,2.25,3.1,2.8,2.1,3.2,3.2,2.2,3.25,3.1,46,2.4,2.23,3.31,3.19,3.41,3.06,33,2.17,2.06,1.73,1.68,22,-0.25,2.07,2.02,1.88,1.85
21/01/06,Tottenham,Aston Villa,D,1.61,3.4,6,1.6,3.4,5.5,1.65,3.45,5.5,1.7,3.3,4.5,1.67,3.25,4.5,1.62,3.6,5.5,1.66,3.3,4.5,1.57,3.5,5.5,1.6,3.6,5.5,50,1.7,1.63,3.7,3.43,6,5.41,34,2.2,2,1.8,1.73,20,-0.75,1.88,1.86,2.07,2.01
21/01/06,West Brom,Sunderland,A,1.72,3.4,5,1.6,3.4,5.5,1.75,3.3,5,1.75,3.3,4.2,1.62,3.25,5,1.65,3.5,5.2,1.61,3.3,5,1.67,3.25,5,1.65,3.5,5,50,1.91,1.74,3.5,3.31,5.2,4.71,34,2.1,1.98,1.87,1.74,21,-0.5,1.95,1.88,2.03,1.97
22/01/06,Chelsea,Charlton,D,1.16,6.5,15,1.13,6.5,16,1.17,6,17,1.2,5,12,1.17,5.5,12,1.14,6.75,17,1.14,6,12,1.2,5,13,1.14,6.5,17,49,1.2,1.17,7,6.03,20,15.2,33,1.75,1.65,2.22,2.09,20,-1.75,1.99,1.94,1.96,1.92
22/01/06,Man United,Liverpool,H,2.3,3.1,3.1,2.2,3.1,3.1,2.3,3.1,3.1,2.2,3,3.1,2.2,3,3,2.25,3.2,3.1,2.1,3,3.2,2.1,3.2,3.2,2.2,3.2,3.1,49,2.4,2.23,3.26,3.11,3.35,3.13,33,2.3,2.11,1.7,1.64,20,-0.25,2.09,2.04,1.89,1.84
23/01/06,West Ham,Fulham,H,2.1,3.2,3.5,2,3.15,3.5,2.15,3.2,3.25,2.2,3.1,3,2,3.2,3.2,2.1,3.2,3.4,2.05,3,3.3,2.1,3.2,3.2,2.1,3.25,3.3,46,2.25,2.13,3.4,3.19,3.5,3.28,35,2.1,2,1.8,1.72,20,-0.25,1.9,1.87,2.04,2
31/01/06,Charlton,West Brom,D,1.83,3.3,4.33,1.8,3.2,4.4,1.85,3.25,4.3,1.8,3.2,4,1.73,3.2,4.33,1.83,3.25,4.33,1.7,3.2,4.5,1.8,3.2,4.33,1.8,3.25,4.5,51,1.91,1.82,3.5,3.28,4.8,4.22,33,2.2,2.05,1.75,1.68,21,-0.5,1.9,1.84,2.07,2
31/01/06,Fulham,Tottenham,H,2.75,3.2,2.5,2.7,3.1,2.45,2.75,3.2,2.45,2.7,3.1,2.4,2.6,3.2,2.38,2.8,3.25,2.4,2.62,3.1,2.37,2.75,3.2,2.38,2.75,3.25,2.4,47,2.9,2.75,3.26,3.16,2.64,2.44,32,2.25,2.09,1.71,1.66,19,0,2,1.94,1.94,1.86
31/01/06,Sunderland,Middlesboro,A,2.75,3.2,2.5,2.65,3.1,2.5,2.65,3.2,2.55,2.6,3.1,2.5,2.5,3.2,2.5,2.62,3.3,2.5,2.62,3.1,2.37,2.75,3.2,2.38,2.65,3.25,2.5,51,2.85,2.69,3.3,3.18,2.65,2.48,33,2.2,2.07,1.8,1.67,21,0,2.02,1.96,1.9,1.85
31/01/06,Wigan,Everton,D,2.25,3.1,3.2,2.15,3.1,3.2,2.3,3,3.2,2.2,3.1,3,2.1,3.2,3,2.2,3.1,3.3,2.15,3.1,3,2.1,3.2,3.2,2.2,3.25,3.1,47,2.4,2.2,3.31,3.16,3.35,3.16,32,2.35,2.14,1.7,1.63,21,-0.25,2.09,2.05,1.9,1.83
1/2/2006,Arsenal,West Ham,A,1.4,4.33,7.5,1.35,4,9,1.38,4.25,8.5,1.35,4.2,7.5,1.4,4,6.5,1.36,4.5,8,1.28,4.5,8,1.4,4,7.5,1.4,4,8,50,1.42,1.36,4.75,4.23,8.75,8.08,30,1.8,1.72,2.1,2,19,-1.25,1.92,1.89,2,1.97
1/2/2006,Aston Villa,Chelsea,D,7.5,4,1.44,9,4,1.35,7.5,3.75,1.47,5.5,3.8,1.5,7,3.5,1.44,7.25,4,1.44,7,3.75,1.4,7,3.75,1.44,7,4,1.45,51,8.5,7.24,4,3.78,1.5,1.45,31,2.16,2,1.8,1.73,21,1,2.03,1.95,1.95,1.86
1/2/2006,Blackburn,Man United,H,4,3.25,1.9,4.1,3.15,1.85,4.33,3.25,1.85,3.6,3.2,1.9,4,3.2,1.8,4.2,3.3,1.85,4,3.1,1.8,4.33,3.2,1.8,4,3.4,1.85,50,4.4,4.05,3.46,3.24,1.93,1.86,30,2.1,1.98,1.8,1.73,21,0.5,2,1.95,1.95,1.88
1/2/2006,Liverpool,Birmingham,D,1.3,4.5,12,1.25,4.8,11,1.31,4.5,10,1.3,4.4,8.5,1.29,4.33,9,1.28,4.75,11,1.28,4.5,8,1.33,4.5,8,1.33,4.5,9,50,1.33,1.3,5.25,4.54,13,9.74,30,2,1.87,1.95,1.84,20,-1.25,1.8,1.77,2.15,2.1
1/2/2006,Man City,Newcastle,H,2.1,3.25,3.4,2.05,3.15,3.35,2.05,3.2,3.6,1.85,3.2,3.8,1.8,3.25,3.75,2,3.3,3.6,1.83,3.2,3.75,2,3.25,3.4,1.9,3.4,3.75,50,2.1,2,3.4,3.23,3.89,3.53,31,2.2,2.04,1.75,1.69,20,-0.5,2.13,2.06,1.83,1.77
1/2/2006,Portsmouth,Bolton,D,2.8,3.25,2.4,2.75,3.1,2.4,2.8,3.2,2.4,2.8,3.1,2.3,2.8,3.2,2.2,2.75,3.2,2.45,2.75,3.2,2.25,2.6,3.2,2.5,2.75,3.25,2.4,50,2.85,2.73,3.4,3.19,2.62,2.42,31,2.32,2.11,1.68,1.64,20,0,2.1,1.95,1.94,1.86
4/2/2006,Birmingham,Arsenal,A,3.5,3.2,2.1,4,3.2,1.85,3.85,3.25,1.95,3.3,3.2,2,3.4,3.25,1.91,3.75,3.2,2,3.5,3.2,1.9,3.4,3.25,2,3.5,3.4,2,46,3.91,3.57,3.36,3.23,2.15,1.99,38,2.15,1.98,1.85,1.76,21,0.5,1.8,1.77,2.15,2.05
4/2/2006,Bolton,Wigan,D,1.9,3.25,4,1.9,3.15,3.85,1.9,3.25,4,1.9,3.2,3.6,1.8,3.2,4,1.91,3.25,4,1.83,3.2,3.75,1.83,3.25,4,1.9,3.25,4,53,1.95,1.87,3.35,3.23,4.7,4.03,38,2.35,2.17,1.7,1.63,22,-0.5,1.93,1.89,2,1.95
4/2/2006,Everton,Man City,H,2.2,3.2,3.25,2.25,3.1,3,2.25,3.2,3.1,2.1,3.1,3.2,2,3.2,3.2,2.2,3.2,3.2,2.05,3.1,3.2,2.1,3.2,3.2,2.2,3.25,3.1,53,2.4,2.2,3.26,3.17,3.3,3.12,38,2.3,2.11,1.73,1.66,21,-0.25,2.14,2.05,1.85,1.82
4/2/2006,Man United,Fulham,H,1.3,4.5,12,1.25,5,10,1.28,4.75,11,1.3,4.4,8.5,1.25,4.5,10,1.25,5.25,11,1.28,4.5,8,1.25,5,10,1.22,5.5,12,46,1.32,1.28,5.2,4.79,13,10.38,38,1.83,1.75,2.14,1.99,20,-1.5,2.1,2.04,1.85,1.79
4/2/2006,Middlesboro,Aston Villa,A,2.25,3.2,3.1,2.25,3.1,3,2.25,3.2,3.1,2.3,3.1,2.8,2.2,3.2,2.8,2.25,3.2,3.1,2.25,3.2,2.75,2.1,3.2,3.2,2.25,3.2,2.8,52,2.35,2.24,3.26,3.19,3.3,3.03,38,2.15,2.02,1.8,1.73,22,-0.25,2.1,2.04,1.85,1.82
4/2/2006,Newcastle,Portsmouth,H,1.8,3.3,4.5,1.7,3.4,4.5,1.83,3.35,4.25,1.7,3.4,4.3,1.73,3.2,4.33,1.75,3.5,4.5,1.72,3.3,4.2,1.8,3.4,4,1.75,3.5,4.5,53,1.9,1.77,3.5,3.33,4.88,4.41,38,2.15,2.02,1.8,1.73,21,-0.5,1.92,1.85,2.05,1.99
4/2/2006,West Brom,Blackburn,H,2.9,3.2,2.37,2.75,3.1,2.4,2.75,3.2,2.45,2.6,3.1,2.5,2.6,3.2,2.38,2.7,3.2,2.5,2.62,3.1,2.37,2.5,3.2,2.6,2.75,3.25,2.4,53,2.94,2.71,3.3,3.18,2.6,2.45,38,2.23,2.05,1.75,1.7,19,0,2.14,2.03,1.86,1.81
4/2/2006,West Ham,Sunderland,H,1.5,3.75,7,1.5,3.55,6.1,1.55,3.6,6,1.55,3.7,5,1.5,3.4,6,1.5,3.8,6.5,1.44,3.6,6.5,1.53,3.5,6,1.45,4,7,53,1.55,1.5,4.2,3.67,7.5,6.46,38,1.95,1.86,1.96,1.86,21,-1,2.05,1.98,1.93,1.84
5/2/2006,Chelsea,Liverpool,H,1.9,3,4.5,1.7,3.2,5,1.8,3.1,4.85,1.8,3.2,4,1.73,3.1,4.5,1.8,3.2,4.75,1.8,2.9,4.5,1.8,3.2,4.33,1.8,3.1,5,51,2,1.83,3.21,3.08,5,4.59,36,2.4,2.23,1.65,1.59,19,-0.5,2.05,1.94,1.94,1.89
5/2/2006,Tottenham,Charlton,H,1.8,3.2,4.75,1.65,3.3,5.25,1.73,3.3,5,1.75,3.3,4.2,1.73,3.1,4.5,1.7,3.4,5,1.61,3.3,5,1.73,3.25,4.5,1.75,3.25,5,51,1.8,1.71,3.46,3.3,5.5,4.88,37,2.21,2.04,1.8,1.71,20,-0.5,1.85,1.8,2.14,2.04
8/2/2006,Charlton,Liverpool,H,4.5,3.3,1.8,4.65,3.15,1.75,4.85,3.3,1.75,4.3,3.4,1.7,4.33,3.2,1.73,4.8,3.3,1.75,5,3.3,1.61,4.33,3.2,1.8,5,3.25,1.75,50,5,4.51,3.46,3.26,1.87,1.77,38,2.3,2.14,1.7,1.64,20,0.5,2.1,2.01,1.9,1.83
11/2/2006,Arsenal,Bolton,D,1.5,4,6,1.45,3.7,7,1.53,3.65,6.5,1.55,3.7,5,1.57,3.25,5.5,1.5,3.8,6.5,1.53,3.5,5.5,1.57,3.5,5.5,1.5,3.75,6.5,54,1.62,1.54,3.8,3.64,7,6.1,41,2.05,1.93,1.95,1.81,22,-1,2.11,2.03,1.83,1.78
11/2/2006,Aston Villa,Newcastle,A,2.2,3.2,3.25,2.15,3.1,3.2,2.1,3.25,3.4,2,3.2,3.3,1.8,3.25,3.75,2.1,3.25,3.4,2,3.2,3.2,2.1,3.2,3.2,2,3.25,3.6,52,2.29,2.12,3.3,3.21,3.6,3.25,41,2.2,2.06,1.75,1.7,22,-0.25,1.91,1.88,2.02,1.99
11/2/2006,Everton,Blackburn,H,2.25,3.2,3.1,2.2,3.1,3.1,2.25,3.2,3.1,2.3,3.1,2.8,2.1,3,3.2,2.25,3.2,3.1,2.1,3.1,3.1,2.2,3.2,3,2.1,3.25,3.3,54,2.48,2.24,3.26,3.16,3.31,3.07,41,2.4,2.17,1.68,1.63,22,-0.25,2.15,2.09,1.83,1.78
11/2/2006,Fulham,West Brom,H,1.83,3.3,4.33,1.85,3.15,4.1,1.83,3.3,4.33,1.85,3.2,3.8,1.73,3.2,4.33,1.83,3.25,4.33,1.66,3.3,4.5,1.91,3.25,3.75,1.8,3.4,4.35,54,1.91,1.82,3.4,3.27,5,4.2,41,2.2,2.04,1.8,1.72,21,-0.5,1.91,1.83,2.08,2
11/2/2006,Middlesboro,Chelsea,H,7.5,4.33,1.4,7,3.75,1.45,7.75,4.25,1.4,6.5,4,1.4,7,3.75,1.4,8.5,4,1.4,7,4,1.36,7.5,4,1.4,8,4.35,1.35,54,9.26,7.65,4.5,4.11,1.44,1.39,41,1.96,1.88,1.95,1.85,20,1.25,1.83,1.8,2.1,2.05
11/2/2006,Portsmouth,Man United,A,6,3.8,1.53,6,3.45,1.55,6.5,3.75,1.52,5,3.7,1.55,6.5,3.6,1.44,6.5,3.8,1.5,6,3.4,1.5,6,3.6,1.53,6.5,3.75,1.5,54,7,6.2,4.12,3.68,1.6,1.52,41,2,1.9,1.94,1.83,21,1,1.95,1.88,1.98,1.94
11/2/2006,Wigan,Liverpool,A,3.75,3.2,2,4,3.1,1.9,4,3.25,1.91,3.3,3.2,2,3.75,3.25,1.8,3.8,3.25,1.95,3.6,3.1,1.9,3.75,3.25,1.91,4.35,3.25,1.85,54,4.5,3.92,3.31,3.23,2.05,1.9,41,2.35,2.17,1.7,1.63,21,0.5,1.95,1.88,2,1.94
12/2/2006,Man City,Charlton,H,1.9,3.25,4,1.85,3.15,4.1,1.9,3.3,4,1.85,3.2,3.8,1.73,3.2,4.33,1.91,3.25,4,1.8,3.3,3.75,1.83,3.25,4,1.8,3.3,4.35,54,1.95,1.83,3.47,3.29,4.75,4.16,42,2.1,1.95,1.98,1.78,21,-0.5,1.92,1.82,2.15,2.01
12/2/2006,Sunderland,Tottenham,D,6,3.6,1.57,5.2,3.3,1.65,6,3.5,1.6,4.5,3.5,1.65,4.5,3.25,1.67,6,3.6,1.57,5.5,3.5,1.53,5,3.5,1.62,6,3.6,1.55,54,6.3,5.68,3.8,3.53,1.69,1.59,42,2.14,2,1.85,1.74,21,0.75,2.02,1.97,1.94,1.89
13/02/06,West Ham,Birmingham,H,1.9,3.25,4,1.8,3.15,4.4,1.85,3.3,4.25,1.8,3.2,4,1.73,3.2,4.33,1.8,3.4,4.33,1.72,3.1,4.5,1.8,3.2,4.33,1.8,3.25,4.5,52,1.95,1.84,3.45,3.25,4.5,4.15,40,2.19,2.01,1.78,1.73,19,-0.5,1.98,1.91,2,1.92
14/02/06,Liverpool,Arsenal,H,2.1,3.1,3.6,2,3,3.8,2.1,3.1,3.6,2,3.2,3.3,1.91,3.25,3.4,2.1,3.1,3.5,2,3,3.4,2.2,3.2,3,2,3.25,3.6,49,2.22,2.05,3.3,3.16,4.05,3.53,35,2.4,2.2,1.68,1.61,18,-0.25,1.89,1.84,2.05,2.02
15/02/06,Blackburn,Sunderland,H,1.5,3.75,7,1.5,3.6,6.4,1.48,3.75,7.5,1.45,3.9,6,1.44,3.6,6.5,1.44,4,7.5,1.36,4,7,1.5,3.6,6.5,1.4,4,8.5,51,1.52,1.46,4.35,3.79,8.5,7.26,37,2,1.91,1.91,1.82,19,-1,1.85,1.81,2.08,2
19/02/06,Tottenham,Wigan,D,1.66,3.6,5,1.65,3.35,4.95,1.7,3.5,5,1.7,3.4,4.3,1.67,3.25,4.5,1.67,3.6,5,1.7,3.2,4.5,1.73,3.4,4.33,1.65,3.5,5,50,1.75,1.67,3.6,3.42,6.1,5,38,2.25,2.07,1.75,1.69,21,-0.75,2,1.91,2,1.93
22/02/06,Newcastle,Charlton,D,1.9,3.25,4,1.8,3.15,4.35,1.85,3.25,4.2,1.85,3.2,3.8,1.8,3.2,4,1.85,3.25,4.33,1.8,3.1,4,1.83,3.25,4,1.8,3.25,4.35,44,1.91,1.83,3.5,3.26,4.5,4.16,31,2.1,2,1.82,1.74,16,-0.5,1.9,1.86,2.03,1.98
25/02/06,Birmingham,Sunderland,H,1.66,3.4,5.5,1.7,3.3,4.8,1.7,3.45,5,1.7,3.4,4.3,1.67,3.25,4.5,1.67,3.6,5,1.61,3.3,5,1.67,3.25,5,1.6,3.5,5.5,49,1.72,1.66,3.76,3.44,6,5.15,38,2.25,2.11,1.75,1.67,19,-0.75,1.88,1.84,2.1,2.03
25/02/06,Blackburn,Arsenal,H,3.1,3.25,2.25,3.1,3.1,2.2,3.1,3.2,2.25,2.8,3.1,2.3,2.75,3.25,2.2,3.2,3.2,2.2,2.75,3.2,2.25,2.88,3.25,2.25,3.1,3.25,2.2,49,3.3,3.01,3.35,3.22,2.45,2.24,38,2.3,2.13,1.7,1.65,21,0.25,1.91,1.89,2.03,1.98
25/02/06,Charlton,Aston Villa,D,2.1,3.25,3.4,2.2,3.1,3.1,2.2,3.2,3.2,2.2,3.1,3,2.1,3.2,3,2.1,3.2,3.4,2.05,3.1,3.2,2.1,3.2,3.2,2.1,3.25,3.3,50,2.27,2.16,3.3,3.19,3.4,3.18,38,2.23,2.06,1.78,1.71,21,-0.25,2.03,1.99,1.9,1.88
25/02/06,Chelsea,Portsmouth,H,1.14,7,17,1.13,6.25,17,1.16,6.75,16,1.15,6,13,1.12,6,15,1.14,6.5,19,1.12,6,15,1.14,6.5,15,1.17,6.5,13,49,1.2,1.15,7.16,6.47,18.5,15.45,38,1.8,1.7,2.2,2.05,19,-1.75,1.95,1.92,2,1.95
25/02/06,Newcastle,Everton,H,2.1,3.2,3.5,2.15,3.1,3.2,2.1,3.2,3.5,2.2,3.1,3,2,3.2,3.2,2.1,3.2,3.4,2.05,3.1,3.2,2,3.25,3.4,2.1,3.25,3.25,49,2.24,2.1,3.3,3.2,3.8,3.34,38,2.5,2.23,1.65,1.6,20,-0.5,2.22,2.13,1.76,1.7
26/02/06,Bolton,Fulham,H,1.8,3.3,4.5,1.8,3.15,4.4,1.85,3.25,4.33,1.85,3.2,3.8,1.67,3.25,4.5,1.75,3.4,4.6,1.72,3.1,4.5,1.8,3.2,4.33,1.8,3.3,4.5,48,1.92,1.81,3.41,3.26,4.78,4.31,37,2.25,2.13,1.7,1.65,18,-0.5,1.94,1.88,2,1.96
26/02/06,Liverpool,Man City,H,1.53,3.8,6,1.55,3.4,6.2,1.57,3.5,6.5,1.55,3.7,5,1.5,3.4,6,1.53,3.6,6.5,1.5,3.4,6,1.53,3.6,6,1.5,3.75,6.5,48,1.61,1.55,3.8,3.57,7,6.15,37,2.25,2.13,1.72,1.65,19,-1,2.19,2.08,1.8,1.74
26/02/06,West Brom,Middlesboro,A,2.4,3.25,2.8,2.4,3.1,2.75,2.4,3.2,2.85,2.4,3.1,2.7,2.38,3.2,2.6,2.38,3.2,2.88,2.3,3.1,2.75,2.38,3.2,2.75,2.4,3.25,2.75,48,2.55,2.4,3.3,3.18,2.95,2.77,37,2.2,2.04,1.8,1.7,19,0,1.8,1.76,2.14,2.05
4/3/2006,Aston Villa,Portsmouth,H,1.72,3.6,4.5,1.7,3.3,4.8,1.73,3.3,5,1.7,3.4,4.3,1.62,3.25,5,1.67,3.6,5,1.61,3.3,5,1.62,3.5,5,1.75,3.5,4.5,47,1.77,1.7,3.6,3.37,5.35,4.82,38,2.1,2,1.86,1.73,20,-0.75,2.05,2,1.91,1.86
4/3/2006,Fulham,Arsenal,A,3.2,3.25,2.2,3.3,3.1,2.1,3.25,3.25,2.15,2.8,3.1,2.3,3,3.2,2.1,3.05,3.35,2.2,2.87,3.1,2.2,3,3.2,2.2,3.1,3.25,2.2,47,3.35,3.12,3.3,3.2,2.3,2.18,37,2.2,2.04,1.75,1.7,20,0.25,2.01,1.93,1.98,1.92
4/3/2006,Liverpool,Charlton,D,1.5,3.75,7,1.5,3.4,6.95,1.5,3.75,7,1.5,3.8,5.5,1.4,3.75,7,1.45,3.8,7.6,1.4,3.75,7,1.44,3.75,7,1.5,3.75,7,47,1.55,1.47,4,3.71,9,7.21,38,2.3,2.13,1.7,1.64,20,-1,2.1,1.99,1.93,1.83
4/3/2006,Middlesboro,Birmingham,H,1.9,3.3,4,1.85,3.15,4.1,1.9,3.25,4.1,1.85,3.2,3.8,1.73,3.4,4,1.91,3.25,4,1.83,3.2,3.75,1.91,3.25,3.75,1.9,3.25,4,46,1.95,1.86,3.3,3.24,4.5,4.07,38,2.2,2.05,1.78,1.7,20,-0.5,1.96,1.92,2,1.91
4/3/2006,Newcastle,Bolton,H,2.3,3.25,3,2.25,3.1,3,2.25,3.2,3.1,2.2,3.1,3,2.2,3.2,2.8,2.25,3.2,3.1,2.2,3.1,2.87,2.2,3.2,3,2.25,3.25,3,46,2.4,2.25,3.25,3.19,3.2,3,38,2.35,2.16,1.68,1.63,20,-0.25,2.15,2.04,1.85,1.82
4/3/2006,West Brom,Chelsea,A,8.5,4.1,1.4,8.3,4.15,1.35,8.5,4.25,1.38,6.5,3.9,1.43,7,3.75,1.4,8.5,4.33,1.36,7.5,4.2,1.33,8,3.8,1.4,7.5,4.2,1.4,46,8.5,7.71,4.25,3.97,1.48,1.41,38,2.2,1.98,1.86,1.75,19,1,2,1.9,2.02,1.92
4/3/2006,West Ham,Everton,D,2.1,3.25,3.4,2.05,3.1,3.45,2.1,3.2,3.5,2.1,3.1,3.2,2,3.2,3.2,2.1,3.2,3.4,1.9,3.1,3.6,2,3.25,3.4,2,3.25,3.6,47,2.15,2.05,3.3,3.19,3.8,3.44,36,2.25,2.12,1.7,1.64,21,-0.25,1.9,1.85,2.08,2.02
5/3/2006,Man City,Sunderland,H,1.4,4.33,7.5,1.4,3.8,7.5,1.44,4,7.5,1.45,3.9,6,1.36,3.75,8,1.36,4.33,8.5,1.36,3.75,8,1.44,3.75,7,1.4,4,8,46,1.45,1.41,4.5,3.96,9,7.75,38,2.08,1.94,1.85,1.79,20,-1.25,2.03,2.01,1.91,1.86
5/3/2006,Tottenham,Blackburn,H,1.9,3.3,4,1.85,3.15,4.1,1.95,3.25,3.9,1.9,3.2,3.6,1.8,3.2,4,1.91,3.25,4,1.9,3.1,3.6,1.91,3.25,3.75,1.9,3.25,4,46,2,1.91,3.3,3.22,4.33,3.88,38,2.3,2.14,1.7,1.64,20,-0.5,2.05,1.98,1.88,1.84
6/3/2006,Wigan,Man United,A,5,3.6,1.66,5,3.2,1.7,5,3.3,1.73,4.2,3.3,1.75,4.5,3.25,1.67,4.6,3.6,1.7,4.5,3.3,1.66,4.33,3.4,1.73,5,3.5,1.65,47,5.25,4.77,3.6,3.41,1.77,1.69,37,2.05,1.92,1.87,1.8,19,0.75,1.95,1.92,2,1.94
11/3/2006,Birmingham,West Brom,D,2,3.2,3.75,2,3.1,3.6,2,3.2,3.75,2,3.2,3.3,1.91,3.2,3.5,2,3.2,3.75,1.9,3,3.75,2,3.25,3.4,2,3.25,3.6,47,2.05,1.98,3.3,3.18,4.2,3.7,36,2.35,2.17,1.67,1.63,20,-0.5,2.07,2.02,1.86,1.83
11/3/2006,Blackburn,Aston Villa,H,1.83,3.25,4.5,1.8,3.15,4.4,1.9,3.2,4.25,1.85,3.2,3.8,1.8,3.25,3.75,1.83,3.25,4.33,1.72,3.25,4.2,1.8,3.4,4,1.8,3.4,4.35,44,2,1.85,3.4,3.24,4.5,4.2,36,2.15,2.01,1.83,1.74,20,-0.5,1.96,1.9,2,1.94
11/3/2006,Bolton,West Ham,H,2,3.25,3.75,2,3.1,3.6,2.05,3.1,3.75,2.1,3.1,3.2,2,3.2,3.2,2,3.2,3.75,1.95,3.25,3.3,2,3.25,3.4,2,3.25,3.6,47,2.1,2.01,3.4,3.21,4.2,3.6,37,2.25,2.1,1.75,1.67,21,-0.5,2.05,2.01,1.9,1.84
11/3/2006,Chelsea,Tottenham,H,1.44,4,7.5,1.4,4,7.3,1.5,3.75,7,1.5,3.8,5.5,1.4,3.75,7,1.44,4,7.5,1.36,4,7,1.4,4,7.5,1.45,3.75,7.5,45,1.57,1.46,4,3.82,7.55,7.07,37,2.17,2.04,1.8,1.72,22,-1,2.13,2,1.85,1.82
11/3/2006,Everton,Fulham,H,1.83,3.25,4.5,1.9,3.1,3.95,1.9,3.25,4.1,1.8,3.2,4,1.67,3.25,4.5,1.85,3.25,4.33,1.72,3.25,4.2,1.83,3.25,4,1.8,3.3,4.5,47,1.91,1.84,3.4,3.25,4.7,4.18,37,2.25,2.09,1.73,1.68,21,-0.5,1.97,1.92,2,1.92
11/3/2006,Portsmouth,Man City,H,2.8,3.25,2.4,2.8,3.1,2.37,2.85,3.2,2.4,2.6,3.1,2.5,2.75,3.25,2.2,2.88,3.2,2.38,2.62,3.1,2.37,2.75,3.2,2.38,2.8,3.25,2.35,47,2.9,2.75,3.3,3.19,2.6,2.43,37,2.2,2.1,1.74,1.67,20,0,2.14,2.04,1.85,1.8
11/3/2006,Sunderland,Wigan,A,3,3.25,2.3,3.3,3.1,2.1,3.1,3.2,2.25,2.7,3.2,2.3,2.8,3.2,2.2,3.1,3.25,2.2,2.75,3.2,2.25,2.75,3.2,2.38,3.1,3.3,2.2,47,3.35,3.02,3.36,3.22,2.38,2.24,37,2.25,2.07,1.75,1.69,20,0.25,1.95,1.9,2,1.96
12/3/2006,Arsenal,Liverpool,H,2.25,3.2,3.1,2.25,3.1,3,2.25,3.2,3.1,2.2,3,3.1,2.1,3.2,3,2.25,3.2,3.1,2.2,3,3,2.2,3.2,3,2.25,3.25,3,45,2.4,2.25,3.25,3.13,3.35,3.07,35,2.4,2.2,1.75,1.61,18,-0.25,2,1.95,1.94,1.9
12/3/2006,Charlton,Middlesboro,H,2.2,3.2,3.2,2.3,3.1,2.9,2.25,3.2,3.1,2.2,3,3.1,2.1,3.2,3,2.2,3.2,3.2,1.95,3.25,3.3,2.1,3.2,3.2,2.1,3.25,3.3,45,2.3,2.18,3.35,3.19,3.4,3.13,36,2.25,2.08,1.72,1.68,18,-0.25,2.03,1.98,1.9,1.87
12/3/2006,Man United,Newcastle,H,1.4,4.33,7.5,1.4,4,7.3,1.44,3.9,7.85,1.4,4,6.5,1.4,4,6.5,1.4,4.2,8,1.4,3.75,7,1.4,4,7.5,1.4,4,8,46,1.5,1.42,4.33,3.95,8.5,7.44,36,1.91,1.82,2.02,1.91,20,-1,2.04,1.86,2.04,1.96
15/03/06,Liverpool,Fulham,H,1.36,4.33,9,1.35,4.25,8,1.38,4.33,8,1.37,3.9,7.5,1.4,3.75,7,1.4,4,8.5,1.3,4.2,8.5,1.36,4.33,7.5,1.35,4.35,8.5,46,1.42,1.37,4.5,4.11,9.5,8.46,32,2.25,2.08,1.75,1.68,16,-1.25,1.98,1.94,1.94,1.91
18/03/06,Arsenal,Charlton,H,1.3,4.5,9.5,1.35,4.1,8,1.36,4.33,9,1.3,4.4,8.5,1.36,3.75,8,1.36,4.2,9,1.28,4.5,8,1.33,4,9,1.35,4.5,8,48,4,1.4,5,4.4,11,8.87,35,1.93,1.85,2.02,1.88,20,-1.25,1.8,1.78,2.17,2.1
18/03/06,Birmingham,Tottenham,A,3.25,3.2,2.2,3.1,3.1,2.2,3.2,3.1,2.25,2.8,3,2.4,2.8,3.2,2.2,3.2,3.2,2.2,3,3,2.2,2.88,3.25,2.25,3,3.25,2.25,48,3.42,3.13,3.3,3.19,2.3,2.22,35,2.33,2.15,1.7,1.64,20,0.25,2.02,1.95,1.93,1.91
18/03/06,Blackburn,Middlesboro,H,1.83,3.25,4.5,1.85,3.15,4.1,1.8,3.3,4.5,1.7,3.4,4.3,1.8,3.2,4,1.85,3.4,4,1.7,3.2,4.5,1.73,3.4,4.33,1.8,3.25,4.5,49,1.86,1.76,3.63,3.34,5.15,4.51,33,2.15,2.05,1.77,1.7,19,-0.5,1.83,1.77,2.17,2.05
18/03/06,Bolton,Sunderland,H,1.33,4.5,9.5,1.35,4.5,7.25,1.36,4.33,8.5,1.3,4.4,8.5,1.4,3.75,7,1.36,4.33,8.5,1.33,4,8,1.36,4.33,7.5,1.35,4.35,8.5,47,1.4,1.35,5,4.34,10.04,8.69,33,2.14,1.95,1.9,1.79,18,-1.25,1.95,1.92,2,1.95
18/03/06,Everton,Aston Villa,H,1.8,3.3,4.5,1.9,3.15,3.9,1.87,3.3,4.15,1.9,3.2,3.6,1.8,3.2,4,1.85,3.3,4.2,1.8,3.1,4,1.91,3.25,3.75,1.84,3.25,4.35,48,1.95,1.84,3.55,3.27,5,4.22,35,2.38,2.17,1.7,1.63,21,-0.5,1.88,1.85,2.05,1.99
18/03/06,Man City,Wigan,A,2.1,3.2,3.5,1.95,3.1,3.75,2.05,3.25,3.55,2.1,3.1,3.2,1.91,3.2,3.5,2.05,3.3,3.5,1.9,3.1,3.6,2,3.25,3.4,2,3.25,3.6,47,2.2,2.04,3.35,3.22,3.91,3.49,32,2.17,2.05,1.77,1.7,20,-0.25,1.95,1.9,2.03,1.98
18/03/06,West Brom,Man United,A,6,4,1.5,6,3.75,1.5,7,3.75,1.5,5,3.7,1.55,6.5,3.6,1.44,6.5,3.8,1.5,6.5,3.6,1.44,7,3.75,1.44,8,4,1.4,48,7.6,6.67,4.05,3.75,1.58,1.49,34,2,1.89,1.91,1.85,20,1,2,1.89,2.02,1.92
18/03/06,West Ham,Portsmouth,A,2,3.2,3.75,1.85,3.15,4.15,1.87,3.25,4.25,2,3.2,3.3,1.73,3.4,4,1.95,3.2,4,1.83,3.2,3.75,1.8,3.25,4.33,1.73,3.4,4.5,47,2.25,2,3.35,3.17,4.33,3.62,33,2.05,1.94,1.88,1.79,19,-0.25,1.94,1.89,2.03,2
19/03/06,Fulham,Chelsea,H,8,4.2,1.4,7.3,4,1.4,7,4,1.44,5.5,3.8,1.5,6.5,3.6,1.44,7.5,4,1.44,6.5,3.6,1.44,7.5,4,1.4,7.5,3.8,1.45,47,8.26,7.23,4.2,3.86,1.52,1.45,33,2.08,1.95,1.85,1.79,17,1,2.06,1.98,1.9,1.84
19/03/06,Newcastle,Liverpool,A,2.87,3.25,2.37,2.75,3.1,2.4,2.95,3.2,2.35,2.8,3.1,2.3,3,3.2,2.1,2.88,3.2,2.38,2.87,3,2.25,2.75,3.2,2.38,3,3.25,2.25,47,3.12,2.89,3.25,3.18,2.5,2.34,33,2.4,2.21,1.69,1.61,18,0.25,1.82,1.8,2.12,2.07
25/03/06,Aston Villa,Fulham,D,2,3.2,3.75,1.9,3.15,3.85,1.97,3.25,3.75,1.9,3.2,3.6,1.83,3.2,3.75,1.95,3.25,3.8,1.9,3.1,3.6,2,3.25,3.4,2,3.25,3.6,49,2.05,1.98,3.3,3.23,4.25,3.62,36,2.15,2,1.9,1.74,21,-0.5,2.08,2.02,1.85,1.81
25/03/06,Chelsea,Man City,H,1.25,5,13,1.25,5,10,1.28,5,10,1.3,4.2,9.5,1.29,4.33,9,1.28,5,10,1.25,4.5,10,1.25,5,10,1.25,5,12,50,1.31,1.27,5.5,4.92,14,10.36,36,1.92,1.83,2.02,1.9,20,-1.5,1.9,1.86,2.1,1.97
25/03/06,Liverpool,Everton,H,1.57,3.6,6,1.6,3.3,5.8,1.6,3.5,6,1.65,3.4,4.7,1.62,3.25,5,1.57,3.6,6,1.53,3.25,6,1.57,3.5,5.5,1.6,3.6,5.5,47,1.66,1.6,3.75,3.45,6.41,5.69,36,2.25,2.13,1.71,1.66,20,-0.75,1.84,1.8,2.13,2.06
25/03/06,Sunderland,Blackburn,A,5,3.6,1.66,4.75,3.15,1.75,5,3.5,1.67,4.3,3.4,1.7,4.33,3.2,1.73,5.25,3.4,1.67,4.5,3.2,1.7,5,3.25,1.67,5,3.5,1.65,50,5.83,4.86,3.71,3.4,1.78,1.69,35,2.2,2.03,1.76,1.71,20,0.75,2.02,1.96,1.96,1.9
25/03/06,Wigan,West Ham,A,2,3.2,3.75,2,3.1,3.6,2.05,3.25,3.4,2.1,3.1,3.2,1.91,3.25,3.4,2.05,3.25,3.5,1.95,3.1,3.5,2,3.25,3.4,2,3.25,3.6,50,2.15,2.04,3.35,3.22,3.75,3.42,36,2.2,2.03,1.83,1.71,21,-0.5,2.15,2.07,1.8,1.78
26/03/06,Charlton,Newcastle,H,2.3,3.25,3,2.3,3.1,2.9,2.3,3.25,3,2.2,3.1,3,2.1,3.2,3,2.3,3.2,3,2.1,3.1,3.1,2.2,3.2,3,2.25,3.25,3,49,2.4,2.26,3.35,3.21,3.15,2.97,35,2.25,2.1,1.73,1.66,19,-0.25,2.09,2.05,1.85,1.81
26/03/06,Man United,Birmingham,H,1.18,6,17,1.2,5.5,12,1.2,6,15,1.2,5.2,11,1.17,5.5,12,1.17,6,17,1.2,5,11,1.22,5,12,1.2,6,15,50,1.23,1.19,7.15,5.63,17.84,13.89,35,1.75,1.71,2.15,2.03,18,-1.75,1.88,1.83,2.08,2.03
26/03/06,Middlesboro,Bolton,H,2.6,3.2,2.62,2.3,3.1,2.9,2.45,3.2,2.7,2.3,3.1,2.8,2.25,3.2,2.75,2.4,3.25,2.8,2.5,3.25,2.4,2.38,3.2,2.75,2.5,3.25,2.65,49,2.6,2.44,3.35,3.2,2.95,2.72,35,2.25,2.06,1.8,1.69,17,-0.25,2.19,2.12,1.78,1.75
27/03/06,Tottenham,West Brom,H,1.44,4,7.5,1.45,3.75,7,1.44,3.75,8,1.4,4,6.5,1.4,3.75,7,1.44,4,7.5,1.4,3.6,7.5,1.44,3.75,7,1.4,4,8,51,1.44,1.41,4.4,4.01,9,7.6,39,2.05,1.94,1.91,1.8,21,-1,1.8,1.75,2.24,2.11
29/03/06,Man United,West Ham,H,1.28,5.5,8.5,1.25,5,10,1.3,5,9,1.33,4.2,8,1.33,4,8,1.3,5,9,1.36,4,7,1.33,4.5,8,1.28,5.5,8.5,52,1.36,1.3,5.5,4.74,11,8.73,36,1.75,1.68,2.22,2.06,20,-1.5,2.02,1.95,1.94,1.9
1/4/2006,Arsenal,Aston Villa,H,1.28,5,10,1.3,4.75,8.35,1.3,4.7,10,1.35,4.2,7.5,1.25,4.5,10,1.25,5,12,1.3,4.2,8.5,1.3,4.5,9,1.28,5,9,48,1.35,1.3,5.25,4.68,13.38,9.68,36,1.83,1.73,2.12,2,21,-1.5,2.08,2.01,1.89,1.84
1/4/2006,Birmingham,Chelsea,D,9,5,1.3,8.5,4.15,1.35,9,4.5,1.33,6.5,4,1.4,8,4,1.33,10,4.75,1.3,8,4,1.33,8.5,4.33,1.33,8.5,5,1.3,49,13,9.11,5,4.45,1.4,1.33,38,2,1.87,2.14,1.87,21,1.25,2.09,2.03,1.89,1.84
1/4/2006,Bolton,Man United,A,4,3.25,1.9,4.1,3.15,1.85,4,3.25,1.9,3.8,3.2,1.85,4.33,3.2,1.73,4,3.4,1.85,3.5,3.2,1.9,4,3.25,1.83,4,3.4,1.85,49,4.33,3.92,3.45,3.26,2,1.89,37,2.12,1.96,1.9,1.78,22,0.5,1.91,1.87,2.05,1.98
1/4/2006,Everton,Sunderland,D,1.36,4.33,9,1.35,4.5,7.25,1.36,4.3,8.5,1.37,4.1,7,1.29,4.33,9,1.33,4.5,9,1.33,4,8,1.36,4,8.5,1.33,4.5,9,49,1.37,1.34,5,4.36,10.19,8.64,38,2,1.92,1.94,1.82,22,-1.25,1.96,1.9,2.03,1.97
1/4/2006,Fulham,Portsmouth,A,1.9,3.3,4,1.8,3.15,4.4,1.9,3.25,4.1,1.8,3.2,4,1.73,3.5,3.75,1.83,3.4,4.2,1.72,3.4,4,1.91,3.25,3.75,1.85,3.4,4,49,1.95,1.86,3.4,3.29,4.4,4.02,37,2,1.91,2.03,1.83,21,-0.5,2,1.96,1.93,1.89
1/4/2006,Newcastle,Tottenham,H,2.62,3.2,2.6,2.4,3.1,2.75,2.6,3.2,2.6,2.4,3.2,2.6,2.5,3.2,2.5,2.5,3.3,2.62,2.4,3.1,2.6,2.5,3.2,2.6,2.5,3.25,2.65,49,2.85,2.58,3.3,3.19,2.75,2.57,37,2.25,2.06,1.8,1.7,21,0,2.09,1.96,1.91,1.87
1/4/2006,West Brom,Liverpool,A,6,3.8,1.53,5.9,3.5,1.55,6,3.6,1.57,4.8,3.6,1.6,6,3.4,1.5,6,3.6,1.57,5.5,3.5,1.53,5.5,3.5,1.57,6.5,3.75,1.5,49,6.93,5.96,3.8,3.58,1.62,1.56,38,2.17,2,1.85,1.75,21,1,1.84,1.79,2.15,2.07
2/4/2006,Man City,Middlesboro,A,2,3.25,3.75,1.95,3.1,3.75,2.1,3.25,3.4,1.85,3.2,3.8,2,3.2,3.2,2,3.2,3.75,1.9,3.25,3.4,2,3.25,3.4,1.9,3.4,3.75,49,2.1,1.97,3.4,3.24,4,3.59,35,2.15,2.02,1.83,1.73,20,-0.5,2.05,1.99,1.92,1.85
2/4/2006,West Ham,Charlton,D,2.1,3.2,3.5,2.1,3.15,3.25,2.1,3.2,3.45,2.1,3.1,3.2,1.91,3.2,3.5,2.1,3.2,3.4,1.9,3.1,3.6,2,3.25,3.4,2,3.3,3.6,48,2.15,2.03,3.3,3.21,3.75,3.47,35,2.05,1.93,1.92,1.8,23,-0.25,1.82,1.79,2.13,2.09
3/4/2006,Blackburn,Wigan,D,1.8,3.3,4.5,1.9,3.15,3.9,1.8,3.3,4.5,1.8,3.2,4,1.73,3.2,4.33,1.8,3.3,4.5,1.8,3.1,4,1.83,3.25,4,1.8,3.4,4.35,52,1.85,1.76,3.5,3.29,5.5,4.49,38,2.15,2.04,1.75,1.71,21,-0.5,1.8,1.76,2.18,2.1
4/4/2006,Birmingham,Bolton,H,2.75,3.2,2.5,2.6,3.2,2.5,2.75,3.25,2.45,2.4,3.2,2.6,2.75,3.2,2.25,2.8,3.25,2.4,2.62,3.1,2.37,2.6,3.2,2.5,2.7,3.2,2.5,48,2.91,2.71,3.3,3.19,2.6,2.43,28,2.25,2.09,1.72,1.67,18,0,2.09,1.95,1.94,1.87
8/4/2006,Charlton,Everton,D,2.3,3.1,3.1,2.1,3.2,3.2,2.3,3.2,3,2.4,3.1,2.7,2.2,3.2,2.8,2.3,3.2,3,2.3,3.2,2.62,2.2,3.2,3,2.3,3.3,2.9,47,2.5,2.29,3.3,3.19,3.1,2.91,35,2.25,2.09,1.75,1.67,25,-0.25,2.15,2.12,1.8,1.76
8/4/2006,Portsmouth,Blackburn,D,2.5,3.2,2.75,2.5,3.15,2.6,2.5,3.25,2.65,2.4,3.2,2.6,2.38,3.2,2.6,2.5,3.3,2.62,2.3,3.2,2.62,2.5,3.2,2.6,2.5,3.25,2.7,47,2.65,2.48,3.3,3.2,2.8,2.64,35,2.22,2.07,1.76,1.69,24,0,1.87,1.81,2.07,1.99
8/4/2006,Tottenham,Man City,H,1.61,3.6,5.5,1.65,3.45,4.9,1.63,3.5,5.5,1.55,3.7,5,1.57,3.5,5,1.67,3.4,5.25,1.61,3.3,5,1.62,3.5,5,1.6,3.5,5.5,48,1.7,1.61,3.75,3.49,6,5.42,36,2.15,2.01,1.81,1.73,24,-0.75,1.9,1.83,2.08,2.04
8/4/2006,Wigan,Birmingham,D,1.9,3.4,3.8,1.8,3.2,4.25,1.9,3.4,3.85,1.95,3.3,3.5,1.67,3.6,4,1.85,3.4,4,1.83,3.4,3.5,1.8,3.4,4,1.9,3.4,3.75,48,2,1.89,3.5,3.33,4.25,3.82,36,2.27,2.08,1.75,1.68,24,-0.5,2.11,2.02,1.88,1.83
9/4/2006,Aston Villa,West Brom,D,1.9,3.25,4,1.8,3.2,4.25,1.95,3.25,3.8,1.9,3.1,3.8,1.83,3.2,3.75,1.95,3.3,3.75,2,3.1,3.3,1.83,3.25,4,1.9,3.3,3.75,48,2.08,1.93,3.35,3.22,4.2,3.78,35,2.25,2.13,1.7,1.65,22,-0.5,2.11,2.02,1.87,1.82
9/4/2006,Chelsea,West Ham,H,1.25,5.5,13,1.25,4.75,11,1.25,5,12,1.25,4.7,10,1.3,4,10,1.25,5,12,1.25,4.5,10,1.29,4.5,10,1.28,5,9.5,48,1.3,1.26,5.65,4.9,14,10.52,35,1.87,1.8,2.05,1.93,21,-1.5,1.94,1.88,2,1.94
9/4/2006,Liverpool,Bolton,H,1.44,4.2,7,1.5,3.65,6.25,1.52,3.75,6.5,1.5,3.8,5.5,1.5,3.4,6,1.5,3.8,6.5,1.5,3.4,6,1.5,3.6,6.5,1.5,3.75,6.5,48,1.55,1.49,4.2,3.67,7.5,6.59,35,2.15,1.99,1.8,1.73,22,-1,2.25,1.98,2.4,1.89
9/4/2006,Man United,Arsenal,H,2.1,3.2,3.5,1.9,3.2,3.8,2,3.25,3.75,2,3.2,3.3,1.91,3.2,3.5,1.95,3.25,3.8,1.9,3.1,3.6,2,3.25,3.5,2,3.25,3.6,48,2.1,1.99,3.3,3.22,3.8,3.59,35,2.3,2.09,1.75,1.68,22,-0.5,2.13,2.03,1.83,1.79
9/4/2006,Middlesboro,Newcastle,A,2.4,3.2,2.87,2.25,3,3.1,2.35,3.2,2.9,2.35,3.1,2.75,2.25,3.2,2.75,2.38,3.2,2.88,2.25,3.2,2.75,2.25,3.25,2.88,2.4,3.25,2.75,45,2.55,2.36,3.3,3.17,3.02,2.82,33,2.15,2.01,1.8,1.72,21,0,1.85,1.77,2.1,2.02
12/4/2006,Portsmouth,Arsenal,D,5,3.6,1.66,5.15,3.5,1.6,5.25,3.6,1.65,4.5,3.5,1.65,4.33,3.4,1.67,5,3.8,1.62,4.33,3.4,1.66,4.5,3.5,1.67,5,3.6,1.65,50,5.5,4.87,3.8,3.53,1.75,1.65,34,2.02,1.89,1.91,1.84,23,0.75,2.07,1.99,1.93,1.88
14/04/06,Man United,Sunderland,D,1.1,8,26,1.12,6.75,17,1.1,7.5,26,1.1,7,15,1.1,7,15,1.1,8,23,1.1,6.5,17,1.1,7.5,17,1.1,7.5,26,50,1.13,1.1,9.44,7.33,34,22.06,39,1.55,1.49,2.75,2.47,22,-2.25,2.04,1.98,1.95,1.9
15/04/06,Arsenal,West Brom,H,1.22,5.5,13,1.23,5,11,1.22,5.5,13,1.27,4.6,9,1.2,5,11,1.25,5.25,11,1.25,4.5,10,1.2,5.5,12,1.22,5.5,12,51,1.31,1.24,5.5,5.2,15,11.38,37,1.88,1.76,2.15,1.99,23,-1.5,2.07,1.99,1.97,1.85
15/04/06,Bolton,Chelsea,A,5.5,3.6,1.61,5,3.4,1.65,5.5,3.5,1.65,5,3.3,1.65,4.5,3.5,1.62,5.5,3.6,1.62,5.5,3.3,1.57,5,3.5,1.62,5.5,3.5,1.6,51,5.8,5.18,3.6,3.44,1.75,1.64,37,2.4,2.11,1.72,1.67,25,0.75,1.93,1.88,2.08,1.98
15/04/06,Everton,Tottenham,A,2.5,3.25,2.7,2.4,3.15,2.75,2.7,3.1,2.6,2.5,3.1,2.6,2.25,3.2,2.75,2.6,3.2,2.6,2.37,3.1,2.62,2.5,3.2,2.6,2.65,3.25,2.5,51,2.8,2.55,3.3,3.17,2.8,2.62,37,2.2,2.07,1.75,1.69,25,0,2,1.9,1.96,1.89
15/04/06,Fulham,Charlton,H,2,3.25,3.75,2.05,3.2,3.35,2.1,3.2,3.4,2.1,3.1,3.2,2.1,3.2,3,2.1,3.2,3.4,2.1,3.2,3,2.2,3.2,3,2,3.25,3.5,51,2.2,2.06,3.46,3.23,4.05,3.39,37,2.2,2.05,1.8,1.7,27,-0.5,2.08,2.04,1.87,1.82
15/04/06,Newcastle,Wigan,H,1.83,3.3,4.33,1.8,3.35,4,1.85,3.3,4.25,1.9,3.2,3.6,1.91,3.2,3.5,1.83,3.4,4.2,1.83,3.2,3.75,1.91,3.25,3.75,1.85,3.4,4,51,1.95,1.87,3.45,3.28,4.33,3.97,37,2.25,2.08,1.75,1.68,27,-0.5,2.01,1.93,1.95,1.91
15/04/06,Portsmouth,Middlesboro,H,1.72,3.6,4.5,1.75,3.3,4.4,1.75,3.5,4.5,1.8,3.2,4,1.73,3.4,4,1.75,3.5,4.5,1.8,3.5,3.5,1.8,3.4,4,1.65,3.5,5,51,1.85,1.74,3.96,3.47,5,4.32,37,2,1.93,1.92,1.81,26,-0.5,1.8,1.75,2.19,2.1
15/04/06,West Ham,Man City,H,2.1,3.2,3.5,1.9,3.2,3.8,2.05,3.3,3.5,2,3.2,3.3,1.91,3.25,3.4,2.05,3.2,3.6,2,3.3,3.1,2,3.25,3.4,2,3.3,3.5,51,2.25,2.05,3.35,3.22,3.75,3.4,38,2.1,1.95,1.87,1.79,27,-0.25,1.96,1.92,1.98,1.94
16/04/06,Aston Villa,Birmingham,H,2.4,3,3,2.15,3.1,3.2,2.35,3.2,2.9,2.2,3,3.1,2.2,3,3,2.3,3.2,3,2.15,3,3.1,2.2,3.2,3,2.35,3,3,48,2.5,2.29,3.3,3.08,3.5,3.03,37,2.55,2.24,1.7,1.6,27,-0.25,2.1,2.05,1.87,1.83
16/04/06,Blackburn,Liverpool,A,3.25,3.2,2.2,3.4,3.25,2,3.2,3.2,2.2,2.8,3.1,2.3,3.2,3.2,2,3.1,3.2,2.25,2.75,3.1,2.3,2.88,3.25,2.25,3.1,3.25,2.2,50,3.55,3.16,3.3,3.19,2.3,2.17,39,2.4,2.15,1.72,1.64,28,0.25,2,1.94,1.99,1.93
17/04/06,Charlton,Portsmouth,H,2.25,3.25,2.8,2.3,3.2,2.85,2.4,3.25,2.75,2.5,3.2,2.5,2.25,3.2,2.75,2.5,3.4,2.6,2.4,3.4,2.4,2.25,3.25,2.88,2.5,3.4,2.6,51,2.6,2.4,3.31,3.2,3.13,2.75,40,2.21,2.04,1.8,1.71,25,0,1.81,1.75,2.21,2.04
17/04/06,Chelsea,Everton,H,1.2,5.5,11,1.2,5.5,12,1.22,5.25,13,1.27,4.2,11,1.22,5,10,1.25,5.25,11,1.22,5,9.5,1.25,5,10,1.22,5.5,13,51,1.27,1.23,6,5.24,17,11.95,39,1.92,1.83,2.03,1.91,23,-1.5,1.89,1.81,2.12,2.02
17/04/06,Middlesboro,West Ham,H,2.5,3.25,2.5,2.5,3.2,2.55,2.37,3.25,2.75,2.6,3,2.6,2.37,3.2,2.6,2.4,3.4,2.7,2.3,3.4,2.5,2.2,3.4,2.88,2.4,3.3,2.75,51,2.65,2.42,3.4,3.23,2.88,2.71,39,2.12,1.99,1.83,1.74,26,0,1.92,1.81,2.1,1.99
17/04/06,Sunderland,Newcastle,A,4,3.2,1.83,3.9,3.25,1.85,4.2,3.25,1.83,3.6,3.2,1.9,3.75,3.25,1.8,4,3.6,1.8,3.75,3.3,1.8,3.75,3.25,1.91,3.75,3.4,1.9,51,4.15,3.85,3.55,3.25,2.1,1.89,39,2.25,2.05,1.8,1.7,27,0.5,1.86,1.81,2.14,2.04
17/04/06,Tottenham,Man United,A,3.2,3.2,2.1,3.75,3.1,1.95,3.2,3.25,2.15,2.8,3.1,2.3,3.2,3.2,2,3.4,3.2,2.1,3.1,3.3,2,3.4,3.25,2,3.25,3.3,2.1,51,3.5,3.24,3.3,3.2,2.3,2.12,34,2.13,2.01,1.82,1.74,22,0.25,2,1.94,1.96,1.91
17/04/06,West Brom,Bolton,D,2.5,3.25,2.5,2.4,3.1,2.75,2.5,3.25,2.6,2.2,3.2,2.9,2.37,3.2,2.6,2.38,3.2,2.88,2.3,3.2,2.62,2.38,3.2,2.75,2.4,3.3,2.75,51,2.5,2.38,3.4,3.22,3.15,2.77,38,2.3,2.09,1.72,1.68,26,0,1.83,1.72,2.25,2.05
18/04/06,Wigan,Aston Villa,H,1.9,3.25,3.6,2,3.1,3.6,2,3.2,3.75,1.9,3.2,3.6,1.9,3.2,3.5,2.05,3.3,3.4,1.9,3.2,3.5,1.91,3.25,3.75,2,3.3,3.5,52,2.15,2,3.4,3.23,3.75,3.47,41,2.2,2.03,1.82,1.72,25,-0.25,1.91,1.85,2.09,2.01
19/04/06,Birmingham,Blackburn,H,2.5,3.25,2.5,2.35,3.1,2.85,2.4,3.25,2.85,2.3,3.1,2.8,2.5,3.2,2.5,2.5,3.2,2.7,2.25,3.3,2.62,2.5,3.2,2.6,2.4,3.3,2.75,52,2.75,2.49,3.3,3.18,2.85,2.67,39,2.43,2.12,1.7,1.66,24,0,2,1.87,1.95,1.9
22/04/06,Arsenal,Tottenham,D,1.66,3.4,5.5,1.7,3.3,4.8,1.7,3.45,5,1.7,3.4,4.3,1.73,3.2,4.33,1.7,3.4,5,1.61,3.3,5,1.67,3.25,5,1.65,3.5,5,49,1.75,1.67,3.6,3.37,6,5.05,37,2.17,2.02,1.8,1.73,25,-0.75,2,1.93,2.02,1.93
22/04/06,Bolton,Charlton,H,1.83,3.3,4.33,1.8,3.3,4.15,1.83,3.3,4.33,1.9,3.2,3.6,1.8,3.25,3.75,1.9,3.25,4,1.83,3.3,3.6,1.91,3.25,3.75,1.8,3.4,4.35,49,1.9,1.81,3.45,3.29,4.84,4.15,37,2.3,2.09,1.72,1.67,27,-0.5,1.88,1.81,2.16,2.04
22/04/06,Everton,Birmingham,D,2.1,3.25,3.4,2,3.3,3.4,2.15,3.2,3.4,2.3,3.2,2.7,2,3.2,3.2,2.1,3.25,3.4,2.15,3.3,2.8,2.1,3.25,3.2,2.25,3.25,3,49,2.3,2.13,3.45,3.24,3.56,3.17,37,2.3,2.13,1.8,1.65,27,-0.25,2,1.97,1.96,1.9
22/04/06,Newcastle,West Brom,H,1.8,3.3,4.5,1.65,3.4,5,1.7,3.5,4.85,1.7,3.5,4.2,1.53,3.5,5.5,1.7,3.5,4.8,1.7,3.5,4,1.73,3.4,4.33,1.7,3.6,4.5,49,1.8,1.71,3.5,3.39,5.5,4.68,37,2.02,1.95,1.9,1.79,26,-0.5,1.79,1.75,2.2,2.11
22/04/06,Portsmouth,Sunderland,H,1.36,4.33,9,1.4,3.85,8.25,1.38,4.33,8,1.4,4,6.5,1.36,4,7,1.3,4.75,10,1.33,4,8,1.4,4,7,1.35,4.35,8.5,49,1.42,1.37,5,4.19,9.5,8.03,37,2,1.91,1.96,1.82,24,-1.25,1.95,1.91,2,1.96
24/04/06,Fulham,Wigan,H,2,3.2,3.75,2,3.15,3.55,2.05,3.25,3.5,2,3.2,3.3,2,3.4,3,2.15,3.2,3.3,2,3.2,3.2,2.1,3.2,3.2,2,3.3,3.5,51,2.25,2.07,3.4,3.21,3.65,3.32,40,2.15,2.01,1.8,1.72,25,-0.25,1.95,1.91,2.01,1.97
25/04/06,Aston Villa,Man City,A,2.1,3.25,3.4,2,3.25,3.4,2.15,3.25,3.25,2.1,3,3.3,2.1,3.2,3,2.2,3.2,3.2,2.15,3.1,3,2.1,3.2,3.2,2.1,3.25,3,48,2.35,2.14,3.3,3.18,3.4,3.14,37,2.3,2.13,1.72,1.66,24,-0.25,2.09,2.02,1.91,1.85
26/04/06,West Ham,Liverpool,A,4.75,3.5,1.72,4.15,3.3,1.8,4.33,3.25,1.85,3.8,3.2,1.85,3.75,3.25,1.8,4.33,3.4,1.8,3.75,3.3,1.8,3.75,3.25,1.91,4.35,3.4,1.8,45,4.85,4.17,3.5,3.28,1.91,1.83,36,2.27,2.12,1.72,1.66,21,0.5,2.05,1.99,1.92,1.87
29/04/06,Birmingham,Newcastle,D,2.5,3.2,2.75,2.4,3.15,2.75,2.35,3.25,2.85,2.1,3.2,3.1,2.38,3.2,2.6,2.38,3.3,2.8,2.37,3.3,2.5,2.38,3.2,2.75,2.4,3.4,2.7,52,2.6,2.37,3.41,3.23,3.1,2.78,42,2.2,2.05,1.8,1.7,25,0,1.83,1.75,2.15,2.07
29/04/06,Charlton,Blackburn,A,2.75,3.2,2.5,2.65,3.25,2.4,2.65,3.25,2.5,2.6,3.2,2.4,2.38,3.2,2.6,2.62,3.3,2.5,2.5,3.3,2.37,2.5,3.2,2.6,2.6,3.3,2.5,51,3.26,2.78,3.4,3.22,2.6,2.37,39,2.24,2.05,1.8,1.7,25,0,2.3,2.05,1.9,1.74
29/04/06,Chelsea,Man United,H,2.1,3.1,3.6,2,3.15,3.55,2.1,3.1,3.5,2.1,3,3.4,2.1,3.2,3,2.1,3.1,3.5,2.1,2.87,3.3,2,3.25,3.4,2.2,3.2,3.1,52,2.25,2.13,3.25,3.09,3.75,3.39,41,2.55,2.26,1.65,1.57,25,-0.25,1.96,1.91,1.98,1.94
29/04/06,Liverpool,Aston Villa,H,1.36,4.33,9,1.3,4.5,9,1.36,4.3,8.5,1.4,4,6.5,1.29,4.5,8,1.36,4.2,9,1.36,3.75,8,1.4,4,7.5,1.33,4.35,8.5,52,1.4,1.35,4.65,4.23,11,8.85,42,2.06,1.96,1.86,1.78,25,-1.25,1.92,1.87,2.05,2
29/04/06,Man City,Fulham,A,1.9,3.25,4,1.9,3.25,3.75,1.9,3.3,3.9,1.9,3.2,3.6,1.91,3.25,3.4,1.91,3.25,4,1.9,3.2,3.5,1.91,3.25,3.75,1.85,3.4,4,52,1.95,1.85,3.5,3.31,4.75,4.01,40,2.17,2.04,1.82,1.7,24,-0.5,1.93,1.84,2.1,2.02
29/04/06,Middlesboro,Everton,A,2.5,3.2,2.75,2.3,3.2,2.85,2.35,3.2,2.9,2.25,3.1,2.9,2.38,3.2,2.6,2.5,3.2,2.75,2.25,3.3,2.62,2.2,3.2,3,2.35,3.25,2.8,52,2.75,2.39,3.4,3.2,3,2.74,42,2.23,2.08,1.8,1.67,25,0,2,1.87,2.1,1.94
29/04/06,Wigan,Portsmouth,A,2.4,3.25,2.8,2.35,3.35,2.65,2.4,3.3,2.75,2.4,3.3,2.5,2.2,3.25,2.75,2.4,3.3,2.75,2.3,3.4,2.5,2.25,3.25,2.88,2.4,3.25,2.7,51,2.7,2.39,3.4,3.24,3,2.74,40,2.2,2.05,1.8,1.7,25,0,1.89,1.8,2.08,2.01
30/04/06,Tottenham,Bolton,H,1.61,3.6,5.5,1.6,3.4,5.5,1.62,3.5,5.5,1.6,3.6,4.8,1.67,3.25,4.5,1.62,3.6,5.5,1.57,3.3,5.5,1.67,3.25,5,1.6,3.5,5.5,54,1.76,1.64,3.65,3.45,5.9,5.19,41,2.22,2.02,1.8,1.74,25,-0.75,2.1,2.03,1.9,1.84
1/5/2006,Man United,Middlesboro,D,1.25,5.5,10,1.25,5,10,1.25,5.25,10.5,1.25,4.8,9.5,1.2,5,11,1.25,5.5,10,1.25,5,8,1.25,5,10,1.25,5.5,10,51,1.28,1.25,6,5.21,12,10.12,35,1.85,1.76,2.11,1.98,23,-1.5,1.86,1.82,2.1,2.02
1/5/2006,Sunderland,Arsenal,A,10,5,1.28,10,5,1.25,10,5,1.27,9.5,4.8,1.25,8,4,1.33,9.5,5,1.28,8,4.5,1.28,8,4.5,1.33,9,5,1.28,54,12,9.7,5.55,4.91,1.33,1.27,39,1.8,1.74,2.1,1.99,25,1.5,1.98,1.91,2.01,1.93
1/5/2006,West Brom,West Ham,A,2.3,3.25,3,2.3,3.2,2.85,2.25,3.3,2.9,2.3,3.1,2.8,2.25,3.2,2.75,2.3,3.3,2.9,2.15,3.4,2.75,2.25,3.25,2.88,2.25,3.4,2.9,52,2.4,2.3,3.4,3.25,3.05,2.87,34,2.2,2.04,1.8,1.71,27,0,1.74,1.66,2.21,2.09
2/5/2006,Blackburn,Chelsea,H,3,3.4,2.2,3.15,3.25,2.1,3.1,3.3,2.2,2.7,3.2,2.3,3,3.4,2,2.88,3.3,2.33,3.1,3.3,2,3.2,3.2,2.1,2.8,3.4,2.3,51,3.2,3,3.4,3.23,2.48,2.22,36,2.31,2.14,1.8,1.64,26,0.25,1.85,1.78,2.15,2.08
3/5/2006,Bolton,Middlesboro,D,1.57,3.8,5.5,1.55,3.6,5.5,1.57,3.6,6,1.6,3.5,5,1.5,3.6,5.5,1.57,3.6,6,1.53,3.75,4.8,1.53,3.6,6,1.5,3.75,6.5,51,1.6,1.54,3.85,3.64,6.6,5.79,35,2.17,2.03,1.8,1.7,23,-1,2.1,2.03,1.91,1.84
4/5/2006,Man City,Arsenal,A,5.5,3.6,1.61,5.9,3.5,1.55,5.5,3.5,1.62,4.8,3.6,1.6,5,3.5,1.57,5.5,3.6,1.62,5,3.5,1.57,5,3.25,1.67,6,3.6,1.55,49,5.75,5.21,3.75,3.51,1.7,1.61,31,2.1,2,1.8,1.72,20,0.75,2.08,2.05,1.86,1.81
4/5/2006,Sunderland,Fulham,H,3.2,3.25,2.2,3.35,3.3,2,3.2,3.25,2.15,3,3.1,2.2,3.2,3.5,1.91,3.2,3.4,2.1,3.1,3.3,2,3,3.2,2.2,3,3.4,2.2,48,3.6,3.1,3.5,3.3,2.25,2.13,28,2.2,2.04,1.78,1.69,21,0.25,1.93,1.85,2.03,2.01
7/5/2006,Arsenal,Wigan,H,1.2,6,13,1.25,5,10,1.23,5.5,12,1.22,5,10,1.25,5,8,1.22,5.5,12,1.25,5,8,1.25,5,10,1.22,5.5,11,47,1.25,1.21,6.5,5.47,15,11.52,36,1.8,1.69,2.25,2.05,19,-1.75,1.93,1.89,2.04,2
7/5/2006,Aston Villa,Sunderland,H,1.53,3.8,6,1.45,4,6.25,1.5,3.9,6.5,1.6,3.5,5,1.57,3.5,5,1.5,3.8,6.5,1.44,3.75,6,1.53,3.6,6,1.55,3.6,6,49,1.6,1.53,4.06,3.61,6.75,5.98,38,2.1,1.95,1.9,1.78,20,-1,2.09,1.99,1.92,1.86
7/5/2006,Blackburn,Man City,H,1.66,3.4,5.5,1.65,3.5,4.75,1.6,3.5,5.8,1.75,3.2,4.4,1.67,3.25,4.5,1.7,3.5,4.75,1.7,3.3,4.33,1.57,3.4,6,1.6,3.6,5.5,49,1.78,1.68,3.6,3.4,5.5,4.85,38,2.15,2.03,1.8,1.7,20,-0.75,2.12,2.04,1.88,1.82
7/5/2006,Bolton,Birmingham,H,1.61,3.6,5.5,1.55,3.65,5.4,1.55,3.6,6.5,1.55,3.7,5,1.62,3.25,5,1.53,3.8,6,1.53,3.5,5.5,1.53,3.6,6,1.53,3.75,6,49,1.62,1.55,3.89,3.59,6.75,5.83,38,2.2,2.03,1.9,1.71,20,-1,2.02,1.98,1.92,1.87
7/5/2006,Everton,West Brom,D,1.66,3.4,5.5,1.6,3.5,5.25,1.6,3.5,5.8,1.55,3.7,5,1.57,3.5,5,1.57,3.6,6,1.57,3.3,5.5,1.62,3.5,5,1.55,3.6,6,48,1.67,1.61,3.7,3.47,6.21,5.32,36,2.21,2.03,1.8,1.71,18,-0.75,1.98,1.94,1.96,1.93
7/5/2006,Fulham,Middlesboro,H,1.66,3.4,5.5,1.65,3.4,5,1.7,3.5,4.8,1.75,3.3,4.2,1.57,3.25,5.5,1.7,3.4,5,1.66,3.3,4.5,1.73,3.4,4.33,1.65,3.5,5,50,1.75,1.65,3.74,3.43,6,5.01,39,2.15,2,1.8,1.74,20,-0.75,1.88,1.81,2.1,2.05
7/5/2006,Man United,Charlton,H,1.2,6,13,1.2,5.5,12,1.2,6,13,1.2,5.2,11,1.2,5,11,1.2,5.75,13,1.2,5,11,1.25,5,10,1.2,5.5,13,48,1.24,1.2,6.72,5.56,16,12.26,39,1.75,1.67,2.2,2.08,20,-1.75,1.93,1.9,2.04,1.96
7/5/2006,Newcastle,Chelsea,H,3,3.25,2.3,2.9,3.2,2.25,2.9,3,2.5,2.6,3,2.6,2.8,3.2,2.2,2.8,3.25,2.4,2.6,3.1,2.4,2.88,3.2,2.25,3,3.25,2.25,49,3.1,2.82,3.35,3.18,2.6,2.33,37,2.25,2.08,1.7,1.67,20,0,2.15,2.09,1.83,1.76
7/5/2006,Portsmouth,Liverpool,A,5,3.8,1.61,5.2,3.5,1.6,5.3,3.5,1.65,5,3.7,1.55,4.5,3.5,1.62,5,3.8,1.62,4.8,3.6,1.57,4.5,3.6,1.67,4.35,3.6,1.6,49,5.94,5.11,4,3.62,1.67,1.59,38,2.13,1.96,1.85,1.76,20,0.75,2.19,2.12,1.83,1.76
7/5/2006,West Ham,Tottenham,H,4.5,3.6,1.72,4,3.55,1.75,4,3.5,1.83,4.2,3.3,1.75,3.75,3.25,1.8,4.2,3.5,1.8,3.6,3.4,1.8,4,3.5,1.73,4.5,3.75,1.65,48,4.8,4.23,3.8,3.47,1.83,1.73,38,2.2,2.04,1.8,1.71,19,0.75,2,1.91,2,1.96
